#
# There is insufficient memory for the Java Runtime Environment to continue.
# Native memory allocation (malloc) failed to allocate 1047216 bytes. Error detail: Chunk::new
# Possible reasons:
#   The system is out of physical RAM or swap space
#   This process is running with CompressedOops enabled, and the Java Heap may be blocking the growth of the native heap
# Possible solutions:
#   Reduce memory load on the system
#   Increase physical memory or swap space
#   Check if swap backing store is full
#   Decrease Java heap size (-Xmx/-Xms)
#   Decrease number of Java threads
#   Decrease Java thread stack sizes (-Xss)
#   Set larger code cache with -XX:ReservedCodeCacheSize=
#   JVM is running with Unscaled Compressed Oops mode in which the Java heap is
#     placed in the first 4GB address space. The Java Heap base address is the
#     maximum limit for the native heap growth. Please use -XX:HeapBaseMinAddress
#     to set the Java Heap base and to place the Java Heap above 4GB virtual address.
# This output file may be truncated or incomplete.
#
#  Out of Memory Error (arena.cpp:191), pid=14988, tid=11352
#
# JRE version: OpenJDK Runtime Environment Zulu17.64+15-CA (17.0.18+8) (build 17.0.18+8-LTS)
# Java VM: OpenJDK 64-Bit Server VM Zulu17.64+15-CA (17.0.18+8-LTS, mixed mode, sharing, tiered, compressed oops, compressed class ptrs, g1 gc, windows-amd64)
# No core dump will be written. Minidumps are not enabled by default on client versions of Windows
#

---------------  S U M M A R Y ------------

Command Line: --add-opens=java.base/java.util=ALL-UNNAMED --add-opens=java.base/java.lang=ALL-UNNAMED --add-opens=java.base/java.lang.invoke=ALL-UNNAMED --add-opens=java.prefs/java.util.prefs=ALL-UNNAMED --add-opens=java.base/java.nio.charset=ALL-UNNAMED --add-opens=java.base/java.net=ALL-UNNAMED --add-opens=java.base/java.util.concurrent.atomic=ALL-UNNAMED -Xmx2048m -Dfile.encoding=UTF-8 -Duser.country=RU -Duser.language=ru -Duser.variant -javaagent:C:\Users\STRNGBBY\.gradle\wrapper\dists\gradle-8.3-all\6en3ugtfdg5xnpx44z4qbwgas\gradle-8.3\lib\agents\gradle-instrumentation-agent-8.3.jar org.gradle.launcher.daemon.bootstrap.GradleDaemon 8.3

Host: 12th Gen Intel(R) Core(TM) i5-12500H, 16 cores, 15G,  Windows 11 , 64 bit Build 26100 (10.0.26100.7623)
Time: Mon Jan 26 20:35:55 2026 RTZ 2 (s 11 , 64 bit Build 26100 (10.0.26100.7623) elapsed time: 131.524277 seconds (0d 0h 2m 11s)

---------------  T H R E A D  ---------------

Current thread (0x0000016bfb1c2d60):  JavaThread "C2 CompilerThread3" daemon [_thread_in_native, id=11352, stack(0x0000003490500000,0x0000003490600000)]


Current CompileTask:
C2:131524 50203       4       com.android.tools.r8.graph.z0::<init> (339 bytes)

Stack: [0x0000003490500000,0x0000003490600000]
Native frames: (J=compiled Java code, j=interpreted, Vv=VM code, C=native code)
V  [jvm.dll+0x685d09]
V  [jvm.dll+0x83cdba]
V  [jvm.dll+0x83e87e]
V  [jvm.dll+0x83eee3]
V  [jvm.dll+0x24c7df]
V  [jvm.dll+0xaca34]
V  [jvm.dll+0xad07c]
V  [jvm.dll+0x2b3e4f]
V  [jvm.dll+0x58c197]
V  [jvm.dll+0x223c72]
V  [jvm.dll+0x22406f]
V  [jvm.dll+0x21d180]
V  [jvm.dll+0x21a681]
V  [jvm.dll+0x1a611d]
V  [jvm.dll+0x22a4de]
V  [jvm.dll+0x22868c]
V  [jvm.dll+0x7f2d57]
V  [jvm.dll+0x7ed26c]
V  [jvm.dll+0x684bd7]
C  [ucrtbase.dll+0x37b0]
C  [KERNEL32.DLL+0x2e8d7]
C  [ntdll.dll+0x8c53c]


---------------  P R O C E S S  ---------------

Threads class SMR info:
_java_thread_list=0x0000016c027ad930, length=257, elements={
0x0000016bcb4672c0, 0x0000016bebefa990, 0x0000016bebefd470, 0x0000016bebf103b0,
0x0000016bebf10c80, 0x0000016bebf11550, 0x0000016bebf11e20, 0x0000016bebf12a20,
0x0000016bebf2b350, 0x0000016bebf31170, 0x0000016bec630400, 0x0000016bec8c2440,
0x0000016bf171fd80, 0x0000016bf2a4e090, 0x0000016bf2d72750, 0x0000016bf3349d80,
0x0000016bf3044db0, 0x0000016bf27cea50, 0x0000016bf32b2ca0, 0x0000016bf2831010,
0x0000016bf2832e70, 0x0000016bf2831a30, 0x0000016bf2832960, 0x0000016bf2833380,
0x0000016bf2831f40, 0x0000016bf2833890, 0x0000016bf28300e0, 0x0000016bf28305f0,
0x0000016bf626c390, 0x0000016bf626b970, 0x0000016bf626c8a0, 0x0000016bf626af50,
0x0000016bf626cdb0, 0x0000016bf626b460, 0x0000016bf525de70, 0x0000016bf525d960,
0x0000016bf626aa40, 0x0000016bf6270560, 0x0000016bf639f560, 0x0000016bf6271490,
0x0000016bf626dce0, 0x0000016bf639fa70, 0x0000016bf63a0490, 0x0000016bf63a13c0,
0x0000016bf63a09a0, 0x0000016bf639ff80, 0x0000016bf639eb40, 0x0000016bf63a1de0,
0x0000016bf4119390, 0x0000016bf4115be0, 0x0000016bf4118e80, 0x0000016bf41160f0,
0x0000016bf4116600, 0x0000016bf4117f50, 0x0000016bf4116b10, 0x0000016bf525eda0,
0x0000016bf525e380, 0x0000016bf525e890, 0x0000016bf639e630, 0x0000016bfa63cf10,
0x0000016bfa63d420, 0x0000016bfa63d930, 0x0000016bfa63ed70, 0x0000016bfa63de40,
0x0000016bfa63f280, 0x0000016bfa63f790, 0x0000016bf36c9f00, 0x0000016bf36cbd60,
0x0000016bf36cb340, 0x0000016bf36c94e0, 0x0000016bf36c99f0, 0x0000016bf36cc270,
0x0000016bf36ca410, 0x0000016bfa3549d0, 0x0000016bfa357760, 0x0000016bf510b5f0,
0x0000016bf3934660, 0x0000016bf39322f0, 0x0000016bf3934150, 0x0000016bf3934b70,
0x0000016bf36ca920, 0x0000016bf36c8ac0, 0x0000016bf36c8fd0, 0x0000016bf36cb850,
0x0000016bf36cae30, 0x0000016bf3933730, 0x0000016bf39313c0, 0x0000016bf3933c40,
0x0000016bf39318d0, 0x0000016bf3931de0, 0x0000016bfa3553f0, 0x0000016bfa354ee0,
0x0000016bfa355900, 0x0000016bfa357250, 0x0000016bfa356830, 0x0000016bec670700,
0x0000016bec66f2c0, 0x0000016bec66f7d0, 0x0000016bf8bd09c0, 0x0000016bf8bcf070,
0x0000016bf8bcfa90, 0x0000016bf8bcf580, 0x0000016bf8bcffa0, 0x0000016bf8bd04b0,
0x0000016bf9fab570, 0x0000016bf9faba80, 0x0000016bf7bf5e70, 0x0000016bf7bf6380,
0x0000016bf7bf6890, 0x0000016bf7bf4f40, 0x0000016bf7bf5450, 0x0000016bf9e2adf0,
0x0000016bf9e28a80, 0x0000016bf9e27640, 0x0000016bf3932800, 0x0000016bf3933220,
0x0000016bf3932d10, 0x0000016bf7b930c0, 0x0000016bf62719a0, 0x0000016bf7b94a10,
0x0000016bf7b935d0, 0x0000016bf7b94f20, 0x0000016bf7b95430, 0x0000016bf7b93ff0,
0x0000016bfa6401b0, 0x0000016bf1fb0ef0, 0x0000016bf626e1f0, 0x0000016bf626f120,
0x0000016bf9e228f0, 0x0000016bf9e20070, 0x0000016bf9e20580, 0x0000016bf9e223e0,
0x0000016bf9e1f650, 0x0000016bf9e1fb60, 0x0000016bf9e219c0, 0x0000016bf9e22e00,
0x0000016bf9e214b0, 0x0000016bf9e20a90, 0x0000016bf9e20fa0, 0x0000016bf9e21ed0,
0x0000016bf4111d80, 0x0000016bf4111360, 0x0000016bf4110940, 0x0000016bf41127a0,
0x0000016bf410fa10, 0x0000016bf410eff0, 0x0000016bf410f500, 0x0000016bf23774c0,
0x0000016bf2377ee0, 0x0000016bf23779d0, 0x0000016bf7b93ae0, 0x0000016bf7b95940,
0x0000016bf7b926a0, 0x0000016bf7b94500, 0x0000016bf8d8d600, 0x0000016bf8d8e020,
0x0000016bf8d8e530, 0x0000016bf8d8bcb0, 0x0000016bf8d8b7a0, 0x0000016bf2b3abd0,
0x0000016bf8d8d0f0, 0x0000016bf7b92bb0, 0x0000016bf510a1b0, 0x0000016c005e1520,
0x0000016c005e2960, 0x0000016c005e4cd0, 0x0000016c005e3380, 0x0000016c005e3890,
0x0000016c005e47c0, 0x0000016c005e2e70, 0x0000016bf7fe8b30, 0x0000016bf7fe9040,
0x0000016bf427f0c0, 0x0000016bf427c330, 0x0000016bf427e190, 0x0000016bf427e6a0,
0x0000016bf9fab060, 0x0000016bf9fabf90, 0x0000016bf9fac4a0, 0x0000016bf9fad8e0,
0x0000016bf9fac9b0, 0x0000016bf9fad3d0, 0x0000016bf2376aa0, 0x0000016c002224e0,
0x0000016c002210a0, 0x0000016bf1fafab0, 0x0000016bf1fae160, 0x0000016bf1fb1910,
0x0000016bf1faf5a0, 0x0000016bf1faffc0, 0x0000016bfa357c70, 0x0000016bf257d060,
0x0000016c00221fd0, 0x0000016c00220170, 0x0000016c0021fc60, 0x0000016c002215b0,
0x0000016bf1fb09e0, 0x0000016bf1fae670, 0x0000016c00d53410, 0x0000016c00d52f00,
0x0000016c00d53e30, 0x0000016c00d53920, 0x0000016c00d524e0, 0x0000016c00d529f0,
0x0000016bf81b6680, 0x0000016bf81b6170, 0x0000016c005e42b0, 0x0000016bf40bfb00,
0x0000016bf40c0010, 0x0000016bf650ae40, 0x0000016bf650cca0, 0x0000016bf650b860,
0x0000016bf650e0e0, 0x0000016bf650e5f0, 0x0000016bf650bd70, 0x0000016bf650c790,
0x0000016bf650b350, 0x0000016bf650c280, 0x0000016bf650d6c0, 0x0000016bf650d1b0,
0x0000016bf650dbd0, 0x0000016bfa5205d0, 0x0000016bfa51dd50, 0x0000016bfa51ec80,
0x0000016bfa51f190, 0x0000016c005e1a30, 0x0000016c005e1f40, 0x0000016bf63883e0,
0x0000016bf6387ed0, 0x0000016bf6385650, 0x0000016bf63888f0, 0x0000016bf6385b60,
0x0000016c00220680, 0x0000016bf427dc80, 0x0000016c004dd740, 0x0000016c004de160,
0x0000016c01cd0050, 0x0000016c01cd0f80, 0x0000016c004da9b0, 0x0000016c004daec0,
0x0000016c016d66b0, 0x0000016c016d75e0, 0x0000016c016d8000, 0x0000016c016d6bc0,
0x0000016bf9facec0, 0x0000016bf9fae300, 0x0000016bf9fae810, 0x0000016c00b80830,
0x0000016bf84925f0, 0x0000016bfb1c32b0, 0x0000016bfb1c2d60, 0x0000016c079f2270,
0x0000016c079f1280, 0x0000016c079f47a0, 0x0000016c079f3d00, 0x0000016c079f17d0,
0x0000016c08c40420
}

Java Threads: ( => current thread )
  0x0000016bcb4672c0 JavaThread "main" [_thread_blocked, id=15192, stack(0x0000003480100000,0x0000003480200000)]
  0x0000016bebefa990 JavaThread "Reference Handler" daemon [_thread_blocked, id=18560, stack(0x0000003480800000,0x0000003480900000)]
  0x0000016bebefd470 JavaThread "Finalizer" daemon [_thread_blocked, id=15872, stack(0x0000003480900000,0x0000003480a00000)]
  0x0000016bebf103b0 JavaThread "Signal Dispatcher" daemon [_thread_blocked, id=16500, stack(0x0000003480a00000,0x0000003480b00000)]
  0x0000016bebf10c80 JavaThread "Attach Listener" daemon [_thread_blocked, id=19928, stack(0x0000003480b00000,0x0000003480c00000)]
  0x0000016bebf11550 JavaThread "Service Thread" daemon [_thread_blocked, id=16768, stack(0x0000003480c00000,0x0000003480d00000)]
  0x0000016bebf11e20 JavaThread "Monitor Deflation Thread" daemon [_thread_blocked, id=2560, stack(0x0000003480d00000,0x0000003480e00000)]
  0x0000016bebf12a20 JavaThread "C2 CompilerThread0" daemon [_thread_blocked, id=16860, stack(0x0000003480e00000,0x0000003480f00000)]
  0x0000016bebf2b350 JavaThread "C1 CompilerThread0" daemon [_thread_blocked, id=19344, stack(0x0000003480f00000,0x0000003481000000)]
  0x0000016bebf31170 JavaThread "Sweeper thread" daemon [_thread_blocked, id=20300, stack(0x0000003481000000,0x0000003481100000)]
  0x0000016bec630400 JavaThread "Common-Cleaner" daemon [_thread_blocked, id=17720, stack(0x0000003481100000,0x0000003481200000)]
  0x0000016bec8c2440 JavaThread "Notification Thread" daemon [_thread_blocked, id=10420, stack(0x0000003481600000,0x0000003481700000)]
  0x0000016bf171fd80 JavaThread "Daemon health stats" [_thread_blocked, id=12204, stack(0x0000003481f00000,0x0000003482000000)]
  0x0000016bf2a4e090 JavaThread "Incoming local TCP Connector on port 57401" [_thread_in_native, id=7808, stack(0x0000003482000000,0x0000003482100000)]
  0x0000016bf2d72750 JavaThread "Daemon periodic checks" [_thread_blocked, id=20452, stack(0x0000003482100000,0x0000003482200000)]
  0x0000016bf3349d80 JavaThread "Daemon" [_thread_blocked, id=19540, stack(0x0000003482200000,0x0000003482300000)]
  0x0000016bf3044db0 JavaThread "Handler for socket connection from /127.0.0.1:57401 to /127.0.0.1:57402" [_thread_in_native, id=4968, stack(0x0000003482300000,0x0000003482400000)]
  0x0000016bf27cea50 JavaThread "Cancel handler" [_thread_blocked, id=8700, stack(0x0000003482400000,0x0000003482500000)]
  0x0000016bf32b2ca0 JavaThread "Daemon worker" [_thread_blocked, id=6492, stack(0x0000003482500000,0x0000003482600000)]
  0x0000016bf2831010 JavaThread "Asynchronous log dispatcher for DefaultDaemonConnection: socket connection from /127.0.0.1:57401 to /127.0.0.1:57402" [_thread_blocked, id=15136, stack(0x0000003482600000,0x0000003482700000)]
  0x0000016bf2832e70 JavaThread "Stdin handler" [_thread_blocked, id=1980, stack(0x0000003482700000,0x0000003482800000)]
  0x0000016bf2831a30 JavaThread "Daemon client event forwarder" [_thread_blocked, id=3660, stack(0x0000003482800000,0x0000003482900000)]
  0x0000016bf2832960 JavaThread "Cache worker for journal cache (C:\Users\STRNGBBY\.gradle\caches\journal-1)" [_thread_blocked, id=13552, stack(0x0000003482900000,0x0000003482a00000)]
  0x0000016bf2833380 JavaThread "File lock request listener" [_thread_in_native, id=10656, stack(0x0000003482a00000,0x0000003482b00000)]
  0x0000016bf2831f40 JavaThread "Cache worker for file hash cache (C:\Users\STRNGBBY\.gradle\caches\8.3\fileHashes)" [_thread_blocked, id=20188, stack(0x0000003482b00000,0x0000003482c00000)]
  0x0000016bf2833890 JavaThread "File watcher server" daemon [_thread_in_native, id=15348, stack(0x0000003482c00000,0x0000003482d00000)]
  0x0000016bf28300e0 JavaThread "File watcher consumer" daemon [_thread_blocked, id=13536, stack(0x0000003482d00000,0x0000003482e00000)]
  0x0000016bf28305f0 JavaThread "Cache worker for checksums cache (C:\Users\STRNGBBY\AndroidStudioProjects\SimpleNotes\.gradle\8.3\checksums)" [_thread_blocked, id=18516, stack(0x0000003482e00000,0x0000003482f00000)]
  0x0000016bf626c390 JavaThread "Cache worker for file hash cache (C:\Users\STRNGBBY\AndroidStudioProjects\SimpleNotes\.gradle\8.3\fileHashes)" [_thread_blocked, id=8136, stack(0x0000003482f00000,0x0000003483000000)]
  0x0000016bf626b970 JavaThread "Cache worker for cache directory md-supplier (C:\Users\STRNGBBY\.gradle\caches\8.3\md-supplier)" [_thread_blocked, id=7464, stack(0x0000003483900000,0x0000003483a00000)]
  0x0000016bf626c8a0 JavaThread "Cache worker for file content cache (C:\Users\STRNGBBY\.gradle\caches\8.3\fileContent)" [_thread_blocked, id=7708, stack(0x0000003483a00000,0x0000003483b00000)]
  0x0000016bf626af50 JavaThread "Cache worker for cache directory md-rule (C:\Users\STRNGBBY\.gradle\caches\8.3\md-rule)" [_thread_blocked, id=9952, stack(0x0000003483b00000,0x0000003483c00000)]
  0x0000016bf626cdb0 JavaThread "Cache worker for execution history cache (C:\Users\STRNGBBY\.gradle\caches\8.3\executionHistory)" [_thread_blocked, id=18624, stack(0x0000003483c00000,0x0000003483d00000)]
  0x0000016bf626b460 JavaThread "Cache worker for kotlin-dsl (C:\Users\STRNGBBY\.gradle\caches\8.3\kotlin-dsl)" [_thread_blocked, id=2316, stack(0x0000003483d00000,0x0000003483e00000)]
  0x0000016bf525de70 JavaThread "jar transforms" [_thread_blocked, id=8376, stack(0x0000003484000000,0x0000003484100000)]
  0x0000016bf525d960 JavaThread "jar transforms Thread 2" [_thread_blocked, id=3356, stack(0x0000003484100000,0x0000003484200000)]
  0x0000016bf626aa40 JavaThread "jar transforms Thread 3" [_thread_blocked, id=3532, stack(0x0000003484800000,0x0000003484900000)]
  0x0000016bf6270560 JavaThread "jar transforms Thread 4" [_thread_blocked, id=11444, stack(0x0000003484900000,0x0000003484a00000)]
  0x0000016bf639f560 JavaThread "Cache worker for dependencies-accessors (C:\Users\STRNGBBY\AndroidStudioProjects\SimpleNotes\.gradle\8.3\dependencies-accessors)" [_thread_blocked, id=8904, stack(0x0000003484a00000,0x0000003484b00000)]
  0x0000016bf6271490 JavaThread "Cache worker for Build Output Cleanup Cache (C:\Users\STRNGBBY\AndroidStudioProjects\SimpleNotes\.gradle\buildOutputCleanup)" [_thread_blocked, id=12912, stack(0x0000003484600000,0x0000003484700000)]
  0x0000016bf626dce0 JavaThread "Kotlin DSL Writer" [_thread_blocked, id=15628, stack(0x0000003484700000,0x0000003484800000)]
  0x0000016bf639fa70 JavaThread "jar transforms Thread 5" [_thread_blocked, id=15624, stack(0x0000003484b00000,0x0000003484c00000)]
  0x0000016bf63a0490 JavaThread "jar transforms Thread 6" [_thread_blocked, id=16480, stack(0x0000003484c00000,0x0000003484d00000)]
  0x0000016bf63a13c0 JavaThread "Unconstrained build operations" [_thread_blocked, id=17324, stack(0x0000003481400000,0x0000003481500000)]
  0x0000016bf63a09a0 JavaThread "Unconstrained build operations Thread 2" [_thread_blocked, id=3144, stack(0x0000003481800000,0x0000003481900000)]
  0x0000016bf639ff80 JavaThread "Unconstrained build operations Thread 3" [_thread_blocked, id=20292, stack(0x0000003484d00000,0x0000003484e00000)]
  0x0000016bf639eb40 JavaThread "Unconstrained build operations Thread 4" [_thread_blocked, id=6628, stack(0x0000003484e00000,0x0000003484f00000)]
  0x0000016bf63a1de0 JavaThread "Unconstrained build operations Thread 5" [_thread_blocked, id=2284, stack(0x0000003484f00000,0x0000003485000000)]
  0x0000016bf4119390 JavaThread "Unconstrained build operations Thread 6" [_thread_blocked, id=17736, stack(0x0000003485000000,0x0000003485100000)]
  0x0000016bf4115be0 JavaThread "Unconstrained build operations Thread 7" [_thread_blocked, id=3676, stack(0x0000003485100000,0x0000003485200000)]
  0x0000016bf4118e80 JavaThread "Unconstrained build operations Thread 8" [_thread_blocked, id=17468, stack(0x0000003485200000,0x0000003485300000)]
  0x0000016bf41160f0 JavaThread "Unconstrained build operations Thread 9" [_thread_blocked, id=2304, stack(0x0000003485300000,0x0000003485400000)]
  0x0000016bf4116600 JavaThread "Unconstrained build operations Thread 10" [_thread_blocked, id=11284, stack(0x0000003485400000,0x0000003485500000)]
  0x0000016bf4117f50 JavaThread "Unconstrained build operations Thread 11" [_thread_blocked, id=17716, stack(0x0000003485500000,0x0000003485600000)]
  0x0000016bf4116b10 JavaThread "Unconstrained build operations Thread 12" [_thread_blocked, id=19904, stack(0x0000003485600000,0x0000003485700000)]
  0x0000016bf525eda0 JavaThread "Unconstrained build operations Thread 13" [_thread_blocked, id=9452, stack(0x0000003485700000,0x0000003485800000)]
  0x0000016bf525e380 JavaThread "Unconstrained build operations Thread 14" [_thread_blocked, id=15696, stack(0x0000003485800000,0x0000003485900000)]
  0x0000016bf525e890 JavaThread "Unconstrained build operations Thread 15" [_thread_blocked, id=8576, stack(0x0000003485900000,0x0000003485a00000)]
  0x0000016bf639e630 JavaThread "Unconstrained build operations Thread 16" [_thread_blocked, id=20388, stack(0x0000003481300000,0x0000003481400000)]
  0x0000016bfa63cf10 JavaThread "Unconstrained build operations Thread 17" [_thread_blocked, id=1636, stack(0x0000003485a00000,0x0000003485b00000)]
  0x0000016bfa63d420 JavaThread "Unconstrained build operations Thread 18" [_thread_blocked, id=10548, stack(0x0000003485b00000,0x0000003485c00000)]
  0x0000016bfa63d930 JavaThread "Unconstrained build operations Thread 19" [_thread_blocked, id=17256, stack(0x0000003485c00000,0x0000003485d00000)]
  0x0000016bfa63ed70 JavaThread "Unconstrained build operations Thread 20" [_thread_blocked, id=9012, stack(0x0000003485d00000,0x0000003485e00000)]
  0x0000016bfa63de40 JavaThread "Unconstrained build operations Thread 21" [_thread_blocked, id=6656, stack(0x0000003485e00000,0x0000003485f00000)]
  0x0000016bfa63f280 JavaThread "Unconstrained build operations Thread 22" [_thread_blocked, id=20168, stack(0x0000003485f00000,0x0000003486000000)]
  0x0000016bfa63f790 JavaThread "Unconstrained build operations Thread 23" [_thread_blocked, id=2752, stack(0x0000003486000000,0x0000003486100000)]
  0x0000016bf36c9f00 JavaThread "Unconstrained build operations Thread 24" [_thread_blocked, id=12508, stack(0x0000003486100000,0x0000003486200000)]
  0x0000016bf36cbd60 JavaThread "Unconstrained build operations Thread 25" [_thread_blocked, id=14992, stack(0x0000003486200000,0x0000003486300000)]
  0x0000016bf36cb340 JavaThread "Unconstrained build operations Thread 26" [_thread_blocked, id=12376, stack(0x0000003486300000,0x0000003486400000)]
  0x0000016bf36c94e0 JavaThread "Unconstrained build operations Thread 27" [_thread_blocked, id=16988, stack(0x0000003486400000,0x0000003486500000)]
  0x0000016bf36c99f0 JavaThread "Unconstrained build operations Thread 28" [_thread_blocked, id=4888, stack(0x0000003486500000,0x0000003486600000)]
  0x0000016bf36cc270 JavaThread "Unconstrained build operations Thread 29" [_thread_blocked, id=3012, stack(0x0000003486600000,0x0000003486700000)]
  0x0000016bf36ca410 JavaThread "Unconstrained build operations Thread 30" [_thread_blocked, id=10060, stack(0x0000003486700000,0x0000003486800000)]
  0x0000016bfa3549d0 JavaThread "Unconstrained build operations Thread 31" [_thread_blocked, id=13068, stack(0x0000003486a00000,0x0000003486b00000)]
  0x0000016bfa357760 JavaThread "Unconstrained build operations Thread 32" [_thread_blocked, id=20424, stack(0x0000003486b00000,0x0000003486c00000)]
  0x0000016bf510b5f0 JavaThread "Unconstrained build operations Thread 33" [_thread_blocked, id=15548, stack(0x0000003486c00000,0x0000003486d00000)]
  0x0000016bf3934660 JavaThread "Unconstrained build operations Thread 34" [_thread_blocked, id=13008, stack(0x0000003486d00000,0x0000003486e00000)]
  0x0000016bf39322f0 JavaThread "Unconstrained build operations Thread 35" [_thread_blocked, id=20412, stack(0x0000003486e00000,0x0000003486f00000)]
  0x0000016bf3934150 JavaThread "Unconstrained build operations Thread 36" [_thread_blocked, id=16864, stack(0x0000003486f00000,0x0000003487000000)]
  0x0000016bf3934b70 JavaThread "Unconstrained build operations Thread 37" [_thread_blocked, id=8500, stack(0x0000003487000000,0x0000003487100000)]
  0x0000016bf36ca920 JavaThread "Unconstrained build operations Thread 38" [_thread_blocked, id=2744, stack(0x0000003487100000,0x0000003487200000)]
  0x0000016bf36c8ac0 JavaThread "Unconstrained build operations Thread 39" [_thread_blocked, id=12688, stack(0x0000003487200000,0x0000003487300000)]
  0x0000016bf36c8fd0 JavaThread "Unconstrained build operations Thread 40" [_thread_blocked, id=11840, stack(0x0000003487300000,0x0000003487400000)]
  0x0000016bf36cb850 JavaThread "Unconstrained build operations Thread 41" [_thread_blocked, id=7820, stack(0x0000003487400000,0x0000003487500000)]
  0x0000016bf36cae30 JavaThread "Unconstrained build operations Thread 42" [_thread_blocked, id=4908, stack(0x0000003487500000,0x0000003487600000)]
  0x0000016bf3933730 JavaThread "Unconstrained build operations Thread 43" [_thread_blocked, id=7576, stack(0x0000003487600000,0x0000003487700000)]
  0x0000016bf39313c0 JavaThread "Unconstrained build operations Thread 44" [_thread_blocked, id=8144, stack(0x0000003487700000,0x0000003487800000)]
  0x0000016bf3933c40 JavaThread "Unconstrained build operations Thread 45" [_thread_blocked, id=19100, stack(0x0000003487800000,0x0000003487900000)]
  0x0000016bf39318d0 JavaThread "Unconstrained build operations Thread 46" [_thread_blocked, id=11304, stack(0x0000003487900000,0x0000003487a00000)]
  0x0000016bf3931de0 JavaThread "Unconstrained build operations Thread 47" [_thread_blocked, id=17856, stack(0x0000003487a00000,0x0000003487b00000)]
  0x0000016bfa3553f0 JavaThread "Unconstrained build operations Thread 48" [_thread_blocked, id=10376, stack(0x0000003487b00000,0x0000003487c00000)]
  0x0000016bfa354ee0 JavaThread "Unconstrained build operations Thread 49" [_thread_blocked, id=20228, stack(0x0000003487c00000,0x0000003487d00000)]
  0x0000016bfa355900 JavaThread "Unconstrained build operations Thread 50" [_thread_blocked, id=18460, stack(0x0000003487d00000,0x0000003487e00000)]
  0x0000016bfa357250 JavaThread "Unconstrained build operations Thread 51" [_thread_blocked, id=17164, stack(0x0000003487e00000,0x0000003487f00000)]
  0x0000016bfa356830 JavaThread "Unconstrained build operations Thread 52" [_thread_blocked, id=16592, stack(0x0000003487f00000,0x0000003488000000)]
  0x0000016bec670700 JavaThread "Unconstrained build operations Thread 53" [_thread_blocked, id=7784, stack(0x0000003488100000,0x0000003488200000)]
  0x0000016bec66f2c0 JavaThread "Unconstrained build operations Thread 54" [_thread_blocked, id=4088, stack(0x0000003488200000,0x0000003488300000)]
  0x0000016bec66f7d0 JavaThread "Unconstrained build operations Thread 55" [_thread_blocked, id=16928, stack(0x0000003488300000,0x0000003488400000)]
  0x0000016bf8bd09c0 JavaThread "Unconstrained build operations Thread 56" [_thread_blocked, id=18408, stack(0x0000003488400000,0x0000003488500000)]
  0x0000016bf8bcf070 JavaThread "Unconstrained build operations Thread 57" [_thread_blocked, id=3572, stack(0x0000003488500000,0x0000003488600000)]
  0x0000016bf8bcfa90 JavaThread "Unconstrained build operations Thread 58" [_thread_blocked, id=20096, stack(0x0000003488000000,0x0000003488100000)]
  0x0000016bf8bcf580 JavaThread "Unconstrained build operations Thread 59" [_thread_blocked, id=19676, stack(0x0000003488600000,0x0000003488700000)]
  0x0000016bf8bcffa0 JavaThread "Unconstrained build operations Thread 60" [_thread_blocked, id=10592, stack(0x0000003488700000,0x0000003488800000)]
  0x0000016bf8bd04b0 JavaThread "Unconstrained build operations Thread 61" [_thread_blocked, id=12356, stack(0x0000003488800000,0x0000003488900000)]
  0x0000016bf9fab570 JavaThread "Unconstrained build operations Thread 62" [_thread_blocked, id=6924, stack(0x0000003488900000,0x0000003488a00000)]
  0x0000016bf9faba80 JavaThread "Unconstrained build operations Thread 63" [_thread_blocked, id=6052, stack(0x0000003488a00000,0x0000003488b00000)]
  0x0000016bf7bf5e70 JavaThread "Unconstrained build operations Thread 64" [_thread_blocked, id=17832, stack(0x0000003488b00000,0x0000003488c00000)]
  0x0000016bf7bf6380 JavaThread "Unconstrained build operations Thread 65" [_thread_blocked, id=4360, stack(0x0000003488c00000,0x0000003488d00000)]
  0x0000016bf7bf6890 JavaThread "Unconstrained build operations Thread 66" [_thread_blocked, id=1016, stack(0x0000003488f00000,0x0000003489000000)]
  0x0000016bf7bf4f40 JavaThread "Unconstrained build operations Thread 67" [_thread_blocked, id=19104, stack(0x0000003489000000,0x0000003489100000)]
  0x0000016bf7bf5450 JavaThread "Unconstrained build operations Thread 68" [_thread_blocked, id=15584, stack(0x0000003488d00000,0x0000003488e00000)]
  0x0000016bf9e2adf0 JavaThread "Unconstrained build operations Thread 69" [_thread_blocked, id=17548, stack(0x0000003488e00000,0x0000003488f00000)]
  0x0000016bf9e28a80 JavaThread "Unconstrained build operations Thread 70" [_thread_blocked, id=2340, stack(0x0000003489100000,0x0000003489200000)]
  0x0000016bf9e27640 JavaThread "Unconstrained build operations Thread 71" [_thread_blocked, id=7832, stack(0x0000003489200000,0x0000003489300000)]
  0x0000016bf3932800 JavaThread "Unconstrained build operations Thread 72" [_thread_blocked, id=18832, stack(0x0000003489300000,0x0000003489400000)]
  0x0000016bf3933220 JavaThread "Unconstrained build operations Thread 73" [_thread_blocked, id=18820, stack(0x0000003489400000,0x0000003489500000)]
  0x0000016bf3932d10 JavaThread "Unconstrained build operations Thread 74" [_thread_blocked, id=19872, stack(0x0000003489500000,0x0000003489600000)]
  0x0000016bf7b930c0 JavaThread "Unconstrained build operations Thread 75" [_thread_blocked, id=11860, stack(0x0000003489600000,0x0000003489700000)]
  0x0000016bf62719a0 JavaThread "Unconstrained build operations Thread 76" [_thread_blocked, id=2096, stack(0x0000003489700000,0x0000003489800000)]
  0x0000016bf7b94a10 JavaThread "Unconstrained build operations Thread 77" [_thread_blocked, id=17536, stack(0x0000003489800000,0x0000003489900000)]
  0x0000016bf7b935d0 JavaThread "Unconstrained build operations Thread 78" [_thread_blocked, id=13844, stack(0x0000003489900000,0x0000003489a00000)]
  0x0000016bf7b94f20 JavaThread "Unconstrained build operations Thread 79" [_thread_blocked, id=10596, stack(0x0000003489a00000,0x0000003489b00000)]
  0x0000016bf7b95430 JavaThread "Unconstrained build operations Thread 80" [_thread_blocked, id=6108, stack(0x0000003489b00000,0x0000003489c00000)]
  0x0000016bf7b93ff0 JavaThread "Unconstrained build operations Thread 81" [_thread_blocked, id=19408, stack(0x0000003489c00000,0x0000003489d00000)]
  0x0000016bfa6401b0 JavaThread "Unconstrained build operations Thread 82" [_thread_blocked, id=18500, stack(0x0000003489d00000,0x0000003489e00000)]
  0x0000016bf1fb0ef0 JavaThread "Unconstrained build operations Thread 83" [_thread_blocked, id=18416, stack(0x0000003489e00000,0x0000003489f00000)]
  0x0000016bf626e1f0 JavaThread "Unconstrained build operations Thread 84" [_thread_blocked, id=8988, stack(0x0000003483e00000,0x0000003483f00000)]
  0x0000016bf626f120 JavaThread "Unconstrained build operations Thread 85" [_thread_blocked, id=20280, stack(0x0000003489f00000,0x000000348a000000)]
  0x0000016bf9e228f0 JavaThread "Unconstrained build operations Thread 86" [_thread_blocked, id=6124, stack(0x000000348a000000,0x000000348a100000)]
  0x0000016bf9e20070 JavaThread "Unconstrained build operations Thread 87" [_thread_blocked, id=18672, stack(0x000000348a100000,0x000000348a200000)]
  0x0000016bf9e20580 JavaThread "Unconstrained build operations Thread 88" [_thread_blocked, id=2592, stack(0x000000348a200000,0x000000348a300000)]
  0x0000016bf9e223e0 JavaThread "Unconstrained build operations Thread 89" [_thread_blocked, id=17304, stack(0x000000348a300000,0x000000348a400000)]
  0x0000016bf9e1f650 JavaThread "Unconstrained build operations Thread 90" [_thread_blocked, id=6668, stack(0x000000348a400000,0x000000348a500000)]
  0x0000016bf9e1fb60 JavaThread "Unconstrained build operations Thread 91" [_thread_blocked, id=14796, stack(0x000000348a500000,0x000000348a600000)]
  0x0000016bf9e219c0 JavaThread "Unconstrained build operations Thread 92" [_thread_blocked, id=19876, stack(0x000000348a600000,0x000000348a700000)]
  0x0000016bf9e22e00 JavaThread "Unconstrained build operations Thread 93" [_thread_blocked, id=20088, stack(0x000000348a700000,0x000000348a800000)]
  0x0000016bf9e214b0 JavaThread "Unconstrained build operations Thread 94" [_thread_blocked, id=8048, stack(0x000000348a800000,0x000000348a900000)]
  0x0000016bf9e20a90 JavaThread "Unconstrained build operations Thread 95" [_thread_blocked, id=4212, stack(0x000000348a900000,0x000000348aa00000)]
  0x0000016bf9e20fa0 JavaThread "Unconstrained build operations Thread 96" [_thread_blocked, id=11992, stack(0x000000348aa00000,0x000000348ab00000)]
  0x0000016bf9e21ed0 JavaThread "Unconstrained build operations Thread 97" [_thread_blocked, id=20420, stack(0x000000348ab00000,0x000000348ac00000)]
  0x0000016bf4111d80 JavaThread "Unconstrained build operations Thread 98" [_thread_blocked, id=12228, stack(0x000000348ac00000,0x000000348ad00000)]
  0x0000016bf4111360 JavaThread "Unconstrained build operations Thread 99" [_thread_blocked, id=17840, stack(0x000000348ad00000,0x000000348ae00000)]
  0x0000016bf4110940 JavaThread "Unconstrained build operations Thread 100" [_thread_blocked, id=18024, stack(0x000000348ae00000,0x000000348af00000)]
  0x0000016bf41127a0 JavaThread "Unconstrained build operations Thread 101" [_thread_blocked, id=7300, stack(0x000000348af00000,0x000000348b000000)]
  0x0000016bf410fa10 JavaThread "Unconstrained build operations Thread 102" [_thread_blocked, id=19536, stack(0x000000348b000000,0x000000348b100000)]
  0x0000016bf410eff0 JavaThread "Unconstrained build operations Thread 103" [_thread_blocked, id=3260, stack(0x000000348b100000,0x000000348b200000)]
  0x0000016bf410f500 JavaThread "Unconstrained build operations Thread 104" [_thread_blocked, id=14216, stack(0x000000348b200000,0x000000348b300000)]
  0x0000016bf23774c0 JavaThread "jar transforms Thread 7" [_thread_blocked, id=13516, stack(0x0000003480000000,0x0000003480100000)]
  0x0000016bf2377ee0 JavaThread "jar transforms Thread 8" [_thread_blocked, id=17664, stack(0x0000003481200000,0x0000003481300000)]
  0x0000016bf23779d0 JavaThread "jar transforms Thread 9" [_thread_blocked, id=17312, stack(0x0000003481500000,0x0000003481600000)]
  0x0000016bf7b93ae0 JavaThread "jar transforms Thread 10" [_thread_blocked, id=16316, stack(0x000000348b300000,0x000000348b400000)]
  0x0000016bf7b95940 JavaThread "jar transforms Thread 11" [_thread_blocked, id=16992, stack(0x000000348b400000,0x000000348b500000)]
  0x0000016bf7b926a0 JavaThread "jar transforms Thread 12" [_thread_blocked, id=10348, stack(0x000000348b500000,0x000000348b600000)]
  0x0000016bf7b94500 JavaThread "jar transforms Thread 13" [_thread_blocked, id=11280, stack(0x000000348b600000,0x000000348b700000)]
  0x0000016bf8d8d600 JavaThread "jar transforms Thread 14" [_thread_blocked, id=10448, stack(0x000000348b700000,0x000000348b800000)]
  0x0000016bf8d8e020 JavaThread "jar transforms Thread 15" [_thread_blocked, id=18728, stack(0x000000348b800000,0x000000348b900000)]
  0x0000016bf8d8e530 JavaThread "jar transforms Thread 16" [_thread_blocked, id=7056, stack(0x000000348b900000,0x000000348ba00000)]
  0x0000016bf8d8bcb0 JavaThread "Memory manager" [_thread_blocked, id=14444, stack(0x000000348bf00000,0x000000348c000000)]
  0x0000016bf8d8b7a0 JavaThread "build event listener" [_thread_blocked, id=3304, stack(0x000000348c000000,0x000000348c100000)]
  0x0000016bf2b3abd0 JavaThread "included builds" [_thread_blocked, id=4484, stack(0x000000348c300000,0x000000348c400000)]
  0x0000016bf8d8d0f0 JavaThread "Execution worker" [_thread_blocked, id=1796, stack(0x000000348c400000,0x000000348c500000)]
  0x0000016bf7b92bb0 JavaThread "Execution worker Thread 2" [_thread_blocked, id=8608, stack(0x000000348c500000,0x000000348c600000)]
  0x0000016bf510a1b0 JavaThread "Execution worker Thread 3" [_thread_blocked, id=2952, stack(0x000000348c600000,0x000000348c700000)]
  0x0000016c005e1520 JavaThread "Execution worker Thread 4" [_thread_blocked, id=10652, stack(0x000000348c700000,0x000000348c800000)]
  0x0000016c005e2960 JavaThread "Execution worker Thread 5" [_thread_blocked, id=19144, stack(0x000000348c800000,0x000000348c900000)]
  0x0000016c005e4cd0 JavaThread "Execution worker Thread 6" [_thread_blocked, id=1580, stack(0x000000348c900000,0x000000348ca00000)]
  0x0000016c005e3380 JavaThread "Execution worker Thread 7" [_thread_blocked, id=13708, stack(0x000000348ca00000,0x000000348cb00000)]
  0x0000016c005e3890 JavaThread "Execution worker Thread 8" [_thread_blocked, id=14932, stack(0x000000348cb00000,0x000000348cc00000)]
  0x0000016c005e47c0 JavaThread "Execution worker Thread 9" [_thread_blocked, id=4728, stack(0x000000348cc00000,0x000000348cd00000)]
  0x0000016c005e2e70 JavaThread "Execution worker Thread 10" [_thread_blocked, id=20032, stack(0x000000348cd00000,0x000000348ce00000)]
  0x0000016bf7fe8b30 JavaThread "Execution worker Thread 11" [_thread_blocked, id=19396, stack(0x000000348ce00000,0x000000348cf00000)]
  0x0000016bf7fe9040 JavaThread "Execution worker Thread 12" [_thread_blocked, id=10280, stack(0x000000348cf00000,0x000000348d000000)]
  0x0000016bf427f0c0 JavaThread "Execution worker Thread 13" [_thread_blocked, id=19808, stack(0x000000348d000000,0x000000348d100000)]
  0x0000016bf427c330 JavaThread "Execution worker Thread 14" [_thread_blocked, id=16708, stack(0x000000348d100000,0x000000348d200000)]
  0x0000016bf427e190 JavaThread "Execution worker Thread 15" [_thread_blocked, id=4864, stack(0x000000348d200000,0x000000348d300000)]
  0x0000016bf427e6a0 JavaThread "Cache worker for execution history cache (C:\Users\STRNGBBY\AndroidStudioProjects\SimpleNotes\.gradle\8.3\executionHistory)" [_thread_blocked, id=16452, stack(0x000000348d300000,0x000000348d400000)]
  0x0000016bf9fab060 JavaThread "Unconstrained build operations Thread 105" [_thread_blocked, id=18296, stack(0x000000348bc00000,0x000000348bd00000)]
  0x0000016bf9fabf90 JavaThread "Unconstrained build operations Thread 106" [_thread_blocked, id=14064, stack(0x000000348be00000,0x000000348bf00000)]
  0x0000016bf9fac4a0 JavaThread "Unconstrained build operations Thread 107" [_thread_blocked, id=19196, stack(0x000000348c100000,0x000000348c200000)]
  0x0000016bf9fad8e0 JavaThread "Unconstrained build operations Thread 108" [_thread_blocked, id=20116, stack(0x000000348c200000,0x000000348c300000)]
  0x0000016bf9fac9b0 JavaThread "Unconstrained build operations Thread 109" [_thread_blocked, id=18152, stack(0x000000348d400000,0x000000348d500000)]
  0x0000016bf9fad3d0 JavaThread "Unconstrained build operations Thread 110" [_thread_blocked, id=12520, stack(0x000000348d500000,0x000000348d600000)]
  0x0000016bf2376aa0 JavaThread "Unconstrained build operations Thread 111" [_thread_blocked, id=5424, stack(0x000000348d600000,0x000000348d700000)]
  0x0000016c002224e0 JavaThread "Unconstrained build operations Thread 112" [_thread_blocked, id=17028, stack(0x000000348d700000,0x000000348d800000)]
  0x0000016c002210a0 JavaThread "Unconstrained build operations Thread 113" [_thread_blocked, id=10236, stack(0x000000348d800000,0x000000348d900000)]
  0x0000016bf1fafab0 JavaThread "Unconstrained build operations Thread 114" [_thread_blocked, id=19768, stack(0x000000348d900000,0x000000348da00000)]
  0x0000016bf1fae160 JavaThread "Unconstrained build operations Thread 115" [_thread_blocked, id=18504, stack(0x000000348da00000,0x000000348db00000)]
  0x0000016bf1fb1910 JavaThread "Unconstrained build operations Thread 116" [_thread_blocked, id=3808, stack(0x000000348db00000,0x000000348dc00000)]
  0x0000016bf1faf5a0 JavaThread "Unconstrained build operations Thread 117" [_thread_blocked, id=8132, stack(0x000000348dc00000,0x000000348dd00000)]
  0x0000016bf1faffc0 JavaThread "Unconstrained build operations Thread 118" [_thread_blocked, id=15760, stack(0x000000348dd00000,0x000000348de00000)]
  0x0000016bfa357c70 JavaThread "Unconstrained build operations Thread 119" [_thread_blocked, id=19224, stack(0x000000348de00000,0x000000348df00000)]
  0x0000016bf257d060 JavaThread "Unconstrained build operations Thread 120" [_thread_blocked, id=9608, stack(0x000000348df00000,0x000000348e000000)]
  0x0000016c00221fd0 JavaThread "Unconstrained build operations Thread 121" [_thread_blocked, id=5676, stack(0x000000348e000000,0x000000348e100000)]
  0x0000016c00220170 JavaThread "Unconstrained build operations Thread 122" [_thread_blocked, id=7728, stack(0x000000348e100000,0x000000348e200000)]
  0x0000016c0021fc60 JavaThread "Unconstrained build operations Thread 123" [_thread_blocked, id=20164, stack(0x000000348e200000,0x000000348e300000)]
  0x0000016c002215b0 JavaThread "Unconstrained build operations Thread 124" [_thread_blocked, id=9544, stack(0x000000348e300000,0x000000348e400000)]
  0x0000016bf1fb09e0 JavaThread "Unconstrained build operations Thread 125" [_thread_blocked, id=2840, stack(0x000000348e400000,0x000000348e500000)]
  0x0000016bf1fae670 JavaThread "Unconstrained build operations Thread 126" [_thread_blocked, id=20344, stack(0x000000348e500000,0x000000348e600000)]
  0x0000016c00d53410 JavaThread "Unconstrained build operations Thread 127" [_thread_blocked, id=896, stack(0x000000348e600000,0x000000348e700000)]
  0x0000016c00d52f00 JavaThread "Unconstrained build operations Thread 128" [_thread_blocked, id=12196, stack(0x000000348e700000,0x000000348e800000)]
  0x0000016c00d53e30 JavaThread "Unconstrained build operations Thread 129" [_thread_blocked, id=2112, stack(0x000000348e800000,0x000000348e900000)]
  0x0000016c00d53920 JavaThread "Unconstrained build operations Thread 130" [_thread_blocked, id=18564, stack(0x000000348e900000,0x000000348ea00000)]
  0x0000016c00d524e0 JavaThread "Unconstrained build operations Thread 131" [_thread_blocked, id=18720, stack(0x000000348ea00000,0x000000348eb00000)]
  0x0000016c00d529f0 JavaThread "Unconstrained build operations Thread 132" [_thread_blocked, id=14864, stack(0x000000348eb00000,0x000000348ec00000)]
  0x0000016bf81b6680 JavaThread "Unconstrained build operations Thread 133" [_thread_blocked, id=7816, stack(0x000000348ec00000,0x000000348ed00000)]
  0x0000016bf81b6170 JavaThread "Unconstrained build operations Thread 134" [_thread_blocked, id=15948, stack(0x000000348ed00000,0x000000348ee00000)]
  0x0000016c005e42b0 JavaThread "Unconstrained build operations Thread 135" [_thread_blocked, id=11524, stack(0x000000348ee00000,0x000000348ef00000)]
  0x0000016bf40bfb00 JavaThread "Unconstrained build operations Thread 136" [_thread_blocked, id=17104, stack(0x000000348bd00000,0x000000348be00000)]
  0x0000016bf40c0010 JavaThread "Unconstrained build operations Thread 137" [_thread_blocked, id=9684, stack(0x000000348ef00000,0x000000348f000000)]
  0x0000016bf650ae40 JavaThread "Unconstrained build operations Thread 138" [_thread_blocked, id=13780, stack(0x000000348f000000,0x000000348f100000)]
  0x0000016bf650cca0 JavaThread "Unconstrained build operations Thread 139" [_thread_blocked, id=18480, stack(0x000000348f100000,0x000000348f200000)]
  0x0000016bf650b860 JavaThread "Unconstrained build operations Thread 140" [_thread_blocked, id=7760, stack(0x000000348f200000,0x000000348f300000)]
  0x0000016bf650e0e0 JavaThread "Unconstrained build operations Thread 141" [_thread_blocked, id=20352, stack(0x000000348f300000,0x000000348f400000)]
  0x0000016bf650e5f0 JavaThread "Unconstrained build operations Thread 142" [_thread_blocked, id=9088, stack(0x000000348f400000,0x000000348f500000)]
  0x0000016bf650bd70 JavaThread "Unconstrained build operations Thread 143" [_thread_blocked, id=3376, stack(0x000000348f500000,0x000000348f600000)]
  0x0000016bf650c790 JavaThread "Unconstrained build operations Thread 144" [_thread_blocked, id=19044, stack(0x000000348f600000,0x000000348f700000)]
  0x0000016bf650b350 JavaThread "Unconstrained build operations Thread 145" [_thread_blocked, id=14648, stack(0x000000348ba00000,0x000000348bb00000)]
  0x0000016bf650c280 JavaThread "Unconstrained build operations Thread 146" [_thread_blocked, id=18008, stack(0x000000348bb00000,0x000000348bc00000)]
  0x0000016bf650d6c0 JavaThread "Unconstrained build operations Thread 147" [_thread_blocked, id=18964, stack(0x000000348f700000,0x000000348f800000)]
  0x0000016bf650d1b0 JavaThread "Unconstrained build operations Thread 148" [_thread_blocked, id=7992, stack(0x000000348f800000,0x000000348f900000)]
  0x0000016bf650dbd0 JavaThread "Unconstrained build operations Thread 149" [_thread_blocked, id=1608, stack(0x000000348f900000,0x000000348fa00000)]
  0x0000016bfa5205d0 JavaThread "Unconstrained build operations Thread 150" [_thread_blocked, id=9816, stack(0x000000348fa00000,0x000000348fb00000)]
  0x0000016bfa51dd50 JavaThread "Unconstrained build operations Thread 151" [_thread_blocked, id=20080, stack(0x000000348fb00000,0x000000348fc00000)]
  0x0000016bfa51ec80 JavaThread "Unconstrained build operations Thread 152" [_thread_blocked, id=7640, stack(0x000000348fc00000,0x000000348fd00000)]
  0x0000016bfa51f190 JavaThread "Unconstrained build operations Thread 153" [_thread_blocked, id=18000, stack(0x000000348fd00000,0x000000348fe00000)]
  0x0000016c005e1a30 JavaThread "Unconstrained build operations Thread 154" [_thread_blocked, id=20196, stack(0x000000348fe00000,0x000000348ff00000)]
  0x0000016c005e1f40 JavaThread "Unconstrained build operations Thread 155" [_thread_blocked, id=5132, stack(0x000000348ff00000,0x0000003490000000)]
  0x0000016bf63883e0 JavaThread "Unconstrained build operations Thread 156" [_thread_blocked, id=3908, stack(0x0000003490200000,0x0000003490300000)]
  0x0000016bf6387ed0 JavaThread "Unconstrained build operations Thread 157" [_thread_blocked, id=14760, stack(0x0000003490600000,0x0000003490700000)]
  0x0000016bf6385650 JavaThread "Unconstrained build operations Thread 158" [_thread_blocked, id=5628, stack(0x0000003490700000,0x0000003490800000)]
  0x0000016bf63888f0 JavaThread "Unconstrained build operations Thread 159" [_thread_blocked, id=15564, stack(0x0000003490800000,0x0000003490900000)]
  0x0000016bf6385b60 JavaThread "Unconstrained build operations Thread 160" [_thread_blocked, id=16740, stack(0x0000003490900000,0x0000003490a00000)]
  0x0000016c00220680 JavaThread "WorkerExecutor Queue" [_thread_blocked, id=15956, stack(0x0000003490c00000,0x0000003490d00000)]
  0x0000016bf427dc80 JavaThread "WorkerExecutor Queue Thread 2" [_thread_blocked, id=5268, stack(0x0000003491100000,0x0000003491200000)]
  0x0000016c004dd740 JavaThread "WorkerExecutor Queue Thread 3" [_thread_blocked, id=11292, stack(0x0000003491400000,0x0000003491500000)]
  0x0000016c004de160 JavaThread "WorkerExecutor Queue Thread 4" [_thread_blocked, id=10328, stack(0x0000003491500000,0x0000003491600000)]
  0x0000016c01cd0050 JavaThread "WorkerExecutor Queue Thread 5" [_thread_blocked, id=8188, stack(0x0000003491600000,0x0000003491700000)]
  0x0000016c01cd0f80 JavaThread "WorkerExecutor Queue Thread 6" [_thread_blocked, id=18552, stack(0x0000003491700000,0x0000003491800000)]
  0x0000016c004da9b0 JavaThread "WorkerExecutor Queue Thread 7" [_thread_blocked, id=16044, stack(0x0000003491800000,0x0000003491900000)]
  0x0000016c004daec0 JavaThread "WorkerExecutor Queue Thread 8" [_thread_blocked, id=20156, stack(0x0000003491900000,0x0000003491a00000)]
  0x0000016c016d66b0 JavaThread "WorkerExecutor Queue Thread 9" [_thread_blocked, id=6272, stack(0x0000003491a00000,0x0000003491b00000)]
  0x0000016c016d75e0 JavaThread "WorkerExecutor Queue Thread 10" [_thread_blocked, id=5068, stack(0x0000003491b00000,0x0000003491c00000)]
  0x0000016c016d8000 JavaThread "WorkerExecutor Queue Thread 11" [_thread_blocked, id=2912, stack(0x0000003491c00000,0x0000003491d00000)]
  0x0000016c016d6bc0 JavaThread "WorkerExecutor Queue Thread 12" [_thread_blocked, id=9784, stack(0x0000003491d00000,0x0000003491e00000)]
  0x0000016bf9facec0 JavaThread "WorkerExecutor Queue Thread 13" [_thread_blocked, id=11804, stack(0x0000003491e00000,0x0000003491f00000)]
  0x0000016bf9fae300 JavaThread "WorkerExecutor Queue Thread 15" [_thread_blocked, id=2920, stack(0x0000003492000000,0x0000003492100000)]
  0x0000016bf9fae810 JavaThread "WorkerExecutor Queue Thread 16" [_thread_blocked, id=18936, stack(0x0000003492100000,0x0000003492200000)]
  0x0000016c00b80830 JavaThread "C2 CompilerThread1" daemon [_thread_blocked, id=1776, stack(0x0000003490a00000,0x0000003490b00000)]
  0x0000016bf84925f0 JavaThread "WorkerExecutor Queue Thread 17" [_thread_blocked, id=8628, stack(0x0000003490400000,0x0000003490500000)]
  0x0000016bfb1c32b0 JavaThread "C2 CompilerThread2" daemon [_thread_blocked, id=20464, stack(0x0000003490300000,0x0000003490400000)]
=>0x0000016bfb1c2d60 JavaThread "C2 CompilerThread3" daemon [_thread_in_native, id=11352, stack(0x0000003490500000,0x0000003490600000)]
  0x0000016c079f2270 JavaThread "C2 CompilerThread4" daemon [_thread_blocked, id=13984, stack(0x0000003490b00000,0x0000003490c00000)]
  0x0000016c079f1280 JavaThread "C2 CompilerThread5" daemon [_thread_blocked, id=17204, stack(0x0000003490d00000,0x0000003490e00000)]
  0x0000016c079f47a0 JavaThread "C2 CompilerThread6" daemon [_thread_in_native, id=20120, stack(0x0000003490e00000,0x0000003490f00000)]
  0x0000016c079f3d00 JavaThread "C1 CompilerThread1" daemon [_thread_blocked, id=14120, stack(0x0000003491200000,0x0000003491300000)]
  0x0000016c079f17d0 JavaThread "C1 CompilerThread2" daemon [_thread_blocked, id=6728, stack(0x0000003491300000,0x0000003491400000)]
  0x0000016c08c40420 JavaThread "C1 CompilerThread3" daemon [_thread_blocked, id=11832, stack(0x0000003491f00000,0x0000003492000000)]

Other Threads:
  0x0000016bebef3020 VMThread "VM Thread" [stack: 0x0000003480700000,0x0000003480800000] [id=20408] _threads_hazard_ptr=0x0000016c027ad930
  0x0000016bcb468050 WatcherThread [stack: 0x0000003481700000,0x0000003481800000] [id=17852]
  0x0000016bcb4ca140 GCTaskThread "GC Thread#0" [stack: 0x0000003480200000,0x0000003480300000] [id=18540]
  0x0000016bf16ae6d0 GCTaskThread "GC Thread#1" [stack: 0x0000003481900000,0x0000003481a00000] [id=2468]
  0x0000016bf16af210 GCTaskThread "GC Thread#2" [stack: 0x0000003481a00000,0x0000003481b00000] [id=18428]
  0x0000016bf16ad5f0 GCTaskThread "GC Thread#3" [stack: 0x0000003481b00000,0x0000003481c00000] [id=17940]
  0x0000016bf16aec70 GCTaskThread "GC Thread#4" [stack: 0x0000003481c00000,0x0000003481d00000] [id=8168]
  0x0000016bf16aef40 GCTaskThread "GC Thread#5" [stack: 0x0000003481d00000,0x0000003481e00000] [id=13436]
  0x0000016bf2ef2410 GCTaskThread "GC Thread#6" [stack: 0x0000003483000000,0x0000003483100000] [id=1788]
  0x0000016bf2ef26e0 GCTaskThread "GC Thread#7" [stack: 0x0000003483100000,0x0000003483200000] [id=7632]
  0x0000016bf2ef29b0 GCTaskThread "GC Thread#8" [stack: 0x0000003483200000,0x0000003483300000] [id=19512]
  0x0000016bf2ef2c80 GCTaskThread "GC Thread#9" [stack: 0x0000003483300000,0x0000003483400000] [id=20008]
  0x0000016bf2ef1060 GCTaskThread "GC Thread#10" [stack: 0x0000003483400000,0x0000003483500000] [id=3300]
  0x0000016bf2ef1330 GCTaskThread "GC Thread#11" [stack: 0x0000003483500000,0x0000003483600000] [id=10664]
  0x0000016bf2ef1600 GCTaskThread "GC Thread#12" [stack: 0x0000003483600000,0x0000003483700000] [id=8120]
  0x0000016bcb4dbc80 ConcurrentGCThread "G1 Main Marker" [stack: 0x0000003480300000,0x0000003480400000] [id=15196]
  0x0000016bcb4ddc00 ConcurrentGCThread "G1 Conc#0" [stack: 0x0000003480400000,0x0000003480500000] [id=19608]
  0x0000016bf2ef1e70 ConcurrentGCThread "G1 Conc#1" [stack: 0x0000003483700000,0x0000003483800000] [id=15728]
  0x0000016bf5392e80 ConcurrentGCThread "G1 Conc#2" [stack: 0x0000003483800000,0x0000003483900000] [id=20312]
  0x0000016bcb51db50 ConcurrentGCThread "G1 Refine#0" [stack: 0x0000003480500000,0x0000003480600000] [id=6480]
  0x0000016bf75144c0 ConcurrentGCThread "G1 Refine#1" [stack: 0x0000003481e00000,0x0000003481f00000] [id=19804]
  0x0000016bf4eef8c0 ConcurrentGCThread "G1 Refine#2" [stack: 0x0000003484200000,0x0000003484300000] [id=12040]
  0x0000016bf4ef07c0 ConcurrentGCThread "G1 Refine#3" [stack: 0x0000003484300000,0x0000003484400000] [id=14380]
  0x0000016bf4eefec0 ConcurrentGCThread "G1 Refine#4" [stack: 0x0000003484400000,0x0000003484500000] [id=18744]
  0x0000016bf4ef0dc0 ConcurrentGCThread "G1 Refine#5" [stack: 0x0000003484500000,0x0000003484600000] [id=3436]
  0x0000016bf4eedac0 ConcurrentGCThread "G1 Refine#6" [stack: 0x0000003490f00000,0x0000003491000000] [id=5108]
  0x0000016bf7283cf0 ConcurrentGCThread "G1 Refine#7" [stack: 0x0000003491000000,0x0000003491100000] [id=5428]
  0x0000016bcb51e340 ConcurrentGCThread "G1 Service" [stack: 0x0000003480600000,0x0000003480700000] [id=10564]

Threads with active compile tasks:
C2 CompilerThread0  133577 50087       4       com.android.tools.r8.ir.regalloc.b::a (756 bytes)
C2 CompilerThread1  133577 50218       4       com.android.tools.r8.dex.k$$Lambda$6089/0x0000016b82a7faf0::accept (12 bytes)
C2 CompilerThread2  133577 50274       4       com.android.tools.r8.graph.g3::a (53 bytes)
C2 CompilerThread3  133577 50203       4       com.android.tools.r8.graph.z0::<init> (339 bytes)
C2 CompilerThread4  133577 50282       4       java.util.TimSort::mergeHi (732 bytes)
C2 CompilerThread5  133577 50335       4       com.android.tools.r8.dex.y::b (78 bytes)
C2 CompilerThread6  133577 50281       4       java.util.TimSort::mergeLo (659 bytes)

VM state: synchronizing (normal execution)

VM Mutex/Monitor currently owned by a thread:  ([mutex/lock_event])
[0x0000016bcb44c400] Threads_lock - owner thread: 0x0000016bebef3020

Heap address: 0x0000000080000000, size: 2048 MB, Compressed Oops mode: 32-bit

CDS archive(s) mapped at: [0x0000016b80000000-0x0000016b80be0000-0x0000016b80be0000), size 12451840, SharedBaseAddress: 0x0000016b80000000, ArchiveRelocationMode: 1.
Compressed class space mapped at: 0x0000016b81000000-0x0000016bc1000000, reserved size: 1073741824
Narrow klass base: 0x0000016b80000000, Narrow klass shift: 0, Narrow klass range: 0x100000000

GC Precious Log:
 CPUs: 16 total, 16 available
 Memory: 16077M
 Large Page Support: Disabled
 NUMA Support: Disabled
 Compressed Oops: Enabled (32-bit)
 Heap Region Size: 1M
 Heap Min Capacity: 8M
 Heap Initial Capacity: 252M
 Heap Max Capacity: 2G
 Pre-touch: Disabled
 Parallel Workers: 13
 Concurrent Workers: 3
 Concurrent Refinement Workers: 13
 Periodic GC: Disabled

Heap:
 garbage-first heap   total 785408K, used 526388K [0x0000000080000000, 0x0000000100000000)
  region size 1024K, 176 young (180224K), 20 survivors (20480K)
 Metaspace       used 212269K, committed 213248K, reserved 1245184K
  class space    used 26838K, committed 27328K, reserved 1048576K

Heap Regions: E=young(eden), S=young(survivor), O=old, HS=humongous(starts), HC=humongous(continues), CS=collection set, F=free, OA=open archive, CA=closed archive, TAMS=top-at-mark-start (previous, next)
|   0|0x0000000080000000, 0x0000000080100000, 0x0000000080100000|100%|HS|  |TAMS 0x0000000080100000, 0x0000000080000000| Complete 
|   1|0x0000000080100000, 0x0000000080200000, 0x0000000080200000|100%|HC|  |TAMS 0x0000000080200000, 0x0000000080100000| Complete 
|   2|0x0000000080200000, 0x0000000080300000, 0x0000000080300000|100%|HC|  |TAMS 0x0000000080300000, 0x0000000080200000| Complete 
|   3|0x0000000080300000, 0x0000000080400000, 0x0000000080400000|100%|HC|  |TAMS 0x0000000080400000, 0x0000000080300000| Complete 
|   4|0x0000000080400000, 0x0000000080500000, 0x0000000080500000|100%| O|  |TAMS 0x0000000080400000, 0x0000000080400000| Untracked 
|   5|0x0000000080500000, 0x0000000080600000, 0x0000000080600000|100%| O|  |TAMS 0x0000000080600000, 0x0000000080500000| Untracked 
|   6|0x0000000080600000, 0x0000000080700000, 0x0000000080700000|100%| O|  |TAMS 0x0000000080700000, 0x0000000080600000| Untracked 
|   7|0x0000000080700000, 0x0000000080800000, 0x0000000080800000|100%| O|  |TAMS 0x0000000080800000, 0x0000000080700000| Untracked 
|   8|0x0000000080800000, 0x0000000080900000, 0x0000000080900000|100%| O|  |TAMS 0x0000000080900000, 0x0000000080800000| Untracked 
|   9|0x0000000080900000, 0x0000000080a00000, 0x0000000080a00000|100%| O|  |TAMS 0x0000000080a00000, 0x0000000080900000| Untracked 
|  10|0x0000000080a00000, 0x0000000080aaec00, 0x0000000080b00000| 68%| O|  |TAMS 0x0000000080aaec00, 0x0000000080a00000| Untracked 
|  11|0x0000000080b00000, 0x0000000080c00000, 0x0000000080c00000|100%| O|  |TAMS 0x0000000080c00000, 0x0000000080b00000| Untracked 
|  12|0x0000000080c00000, 0x0000000080d00000, 0x0000000080d00000|100%| O|  |TAMS 0x0000000080d00000, 0x0000000080c00000| Untracked 
|  13|0x0000000080d00000, 0x0000000080e00000, 0x0000000080e00000|100%| O|  |TAMS 0x0000000080e00000, 0x0000000080d00000| Untracked 
|  14|0x0000000080e00000, 0x0000000080f00000, 0x0000000080f00000|100%| O|  |TAMS 0x0000000080f00000, 0x0000000080e00000| Untracked 
|  15|0x0000000080f00000, 0x0000000081000000, 0x0000000081000000|100%| O|  |TAMS 0x0000000081000000, 0x0000000080f00000| Untracked 
|  16|0x0000000081000000, 0x0000000081100000, 0x0000000081100000|100%| O|  |TAMS 0x0000000081100000, 0x0000000081000000| Untracked 
|  17|0x0000000081100000, 0x0000000081200000, 0x0000000081200000|100%| O|  |TAMS 0x0000000081200000, 0x0000000081100000| Untracked 
|  18|0x0000000081200000, 0x0000000081300000, 0x0000000081300000|100%| O|  |TAMS 0x0000000081300000, 0x0000000081200000| Untracked 
|  19|0x0000000081300000, 0x0000000081400000, 0x0000000081400000|100%| O|  |TAMS 0x0000000081400000, 0x0000000081300000| Untracked 
|  20|0x0000000081400000, 0x0000000081500000, 0x0000000081500000|100%| O|  |TAMS 0x0000000081500000, 0x0000000081400000| Untracked 
|  21|0x0000000081500000, 0x0000000081600000, 0x0000000081600000|100%| O|  |TAMS 0x0000000081600000, 0x0000000081500000| Untracked 
|  22|0x0000000081600000, 0x0000000081700000, 0x0000000081700000|100%| O|  |TAMS 0x0000000081700000, 0x0000000081600000| Untracked 
|  23|0x0000000081700000, 0x0000000081800000, 0x0000000081800000|100%| O|  |TAMS 0x0000000081800000, 0x0000000081700000| Untracked 
|  24|0x0000000081800000, 0x0000000081900000, 0x0000000081900000|100%| O|  |TAMS 0x0000000081900000, 0x0000000081800000| Untracked 
|  25|0x0000000081900000, 0x0000000081a00000, 0x0000000081a00000|100%| O|  |TAMS 0x0000000081a00000, 0x0000000081900000| Untracked 
|  26|0x0000000081a00000, 0x0000000081b00000, 0x0000000081b00000|100%| O|  |TAMS 0x0000000081b00000, 0x0000000081a00000| Untracked 
|  27|0x0000000081b00000, 0x0000000081c00000, 0x0000000081c00000|100%| O|  |TAMS 0x0000000081c00000, 0x0000000081b00000| Untracked 
|  28|0x0000000081c00000, 0x0000000081d00000, 0x0000000081d00000|100%| O|  |TAMS 0x0000000081d00000, 0x0000000081c00000| Untracked 
|  29|0x0000000081d00000, 0x0000000081e00000, 0x0000000081e00000|100%| O|  |TAMS 0x0000000081e00000, 0x0000000081d00000| Untracked 
|  30|0x0000000081e00000, 0x0000000081f00000, 0x0000000081f00000|100%| O|  |TAMS 0x0000000081f00000, 0x0000000081e00000| Untracked 
|  31|0x0000000081f00000, 0x0000000082000000, 0x0000000082000000|100%|HS|  |TAMS 0x0000000081f00000, 0x0000000081f00000| Complete 
|  32|0x0000000082000000, 0x0000000082100000, 0x0000000082100000|100%| O|  |TAMS 0x0000000082100000, 0x0000000082000000| Untracked 
|  33|0x0000000082100000, 0x0000000082200000, 0x0000000082200000|100%| O|  |TAMS 0x0000000082200000, 0x0000000082100000| Untracked 
|  34|0x0000000082200000, 0x0000000082300000, 0x0000000082300000|100%| O|  |TAMS 0x0000000082300000, 0x0000000082200000| Untracked 
|  35|0x0000000082300000, 0x0000000082400000, 0x0000000082400000|100%| O|  |TAMS 0x0000000082400000, 0x0000000082300000| Untracked 
|  36|0x0000000082400000, 0x0000000082500000, 0x0000000082500000|100%| O|  |TAMS 0x0000000082500000, 0x0000000082400000| Untracked 
|  37|0x0000000082500000, 0x0000000082600000, 0x0000000082600000|100%| O|  |TAMS 0x0000000082600000, 0x0000000082500000| Untracked 
|  38|0x0000000082600000, 0x0000000082700000, 0x0000000082700000|100%| O|  |TAMS 0x0000000082700000, 0x0000000082600000| Untracked 
|  39|0x0000000082700000, 0x0000000082800000, 0x0000000082800000|100%| O|  |TAMS 0x0000000082800000, 0x0000000082700000| Untracked 
|  40|0x0000000082800000, 0x0000000082900000, 0x0000000082900000|100%| O|  |TAMS 0x0000000082900000, 0x0000000082800000| Untracked 
|  41|0x0000000082900000, 0x0000000082a00000, 0x0000000082a00000|100%| O|  |TAMS 0x0000000082a00000, 0x0000000082900000| Untracked 
|  42|0x0000000082a00000, 0x0000000082b00000, 0x0000000082b00000|100%| O|  |TAMS 0x0000000082b00000, 0x0000000082a00000| Untracked 
|  43|0x0000000082b00000, 0x0000000082c00000, 0x0000000082c00000|100%| O|  |TAMS 0x0000000082c00000, 0x0000000082b00000| Untracked 
|  44|0x0000000082c00000, 0x0000000082d00000, 0x0000000082d00000|100%| O|  |TAMS 0x0000000082d00000, 0x0000000082c00000| Untracked 
|  45|0x0000000082d00000, 0x0000000082e00000, 0x0000000082e00000|100%| O|  |TAMS 0x0000000082e00000, 0x0000000082d00000| Untracked 
|  46|0x0000000082e00000, 0x0000000082f00000, 0x0000000082f00000|100%| O|  |TAMS 0x0000000082f00000, 0x0000000082e00000| Untracked 
|  47|0x0000000082f00000, 0x0000000083000000, 0x0000000083000000|100%| O|  |TAMS 0x0000000083000000, 0x0000000082f00000| Untracked 
|  48|0x0000000083000000, 0x0000000083100000, 0x0000000083100000|100%| O|  |TAMS 0x0000000083100000, 0x0000000083000000| Untracked 
|  49|0x0000000083100000, 0x0000000083200000, 0x0000000083200000|100%| O|  |TAMS 0x0000000083200000, 0x0000000083100000| Untracked 
|  50|0x0000000083200000, 0x0000000083300000, 0x0000000083300000|100%| O|  |TAMS 0x0000000083300000, 0x0000000083200000| Untracked 
|  51|0x0000000083300000, 0x0000000083400000, 0x0000000083400000|100%| O|  |TAMS 0x0000000083400000, 0x0000000083300000| Untracked 
|  52|0x0000000083400000, 0x0000000083500000, 0x0000000083500000|100%| O|  |TAMS 0x0000000083500000, 0x0000000083400000| Untracked 
|  53|0x0000000083500000, 0x0000000083600000, 0x0000000083600000|100%| O|  |TAMS 0x0000000083600000, 0x0000000083500000| Untracked 
|  54|0x0000000083600000, 0x0000000083700000, 0x0000000083700000|100%| O|  |TAMS 0x0000000083700000, 0x0000000083600000| Untracked 
|  55|0x0000000083700000, 0x0000000083800000, 0x0000000083800000|100%| O|  |TAMS 0x0000000083800000, 0x0000000083700000| Untracked 
|  56|0x0000000083800000, 0x0000000083900000, 0x0000000083900000|100%| O|  |TAMS 0x0000000083800000, 0x0000000083800000| Untracked 
|  57|0x0000000083900000, 0x0000000083a00000, 0x0000000083a00000|100%| O|  |TAMS 0x0000000083a00000, 0x0000000083900000| Untracked 
|  58|0x0000000083a00000, 0x0000000083b00000, 0x0000000083b00000|100%| O|  |TAMS 0x0000000083b00000, 0x0000000083a00000| Untracked 
|  59|0x0000000083b00000, 0x0000000083c00000, 0x0000000083c00000|100%| O|  |TAMS 0x0000000083c00000, 0x0000000083b00000| Untracked 
|  60|0x0000000083c00000, 0x0000000083d00000, 0x0000000083d00000|100%| O|  |TAMS 0x0000000083d00000, 0x0000000083c00000| Untracked 
|  61|0x0000000083d00000, 0x0000000083e00000, 0x0000000083e00000|100%| O|  |TAMS 0x0000000083e00000, 0x0000000083d00000| Untracked 
|  62|0x0000000083e00000, 0x0000000083f00000, 0x0000000083f00000|100%| O|  |TAMS 0x0000000083f00000, 0x0000000083e00000| Untracked 
|  63|0x0000000083f00000, 0x0000000084000000, 0x0000000084000000|100%| O|  |TAMS 0x0000000084000000, 0x0000000083f00000| Untracked 
|  64|0x0000000084000000, 0x0000000084100000, 0x0000000084100000|100%| O|  |TAMS 0x0000000084100000, 0x0000000084000000| Untracked 
|  65|0x0000000084100000, 0x0000000084200000, 0x0000000084200000|100%| O|  |TAMS 0x0000000084200000, 0x0000000084100000| Untracked 
|  66|0x0000000084200000, 0x0000000084300000, 0x0000000084300000|100%| O|  |TAMS 0x0000000084300000, 0x0000000084200000| Untracked 
|  67|0x0000000084300000, 0x0000000084400000, 0x0000000084400000|100%| O|  |TAMS 0x0000000084400000, 0x0000000084300000| Untracked 
|  68|0x0000000084400000, 0x0000000084500000, 0x0000000084500000|100%| O|  |TAMS 0x0000000084400000, 0x0000000084400000| Untracked 
|  69|0x0000000084500000, 0x0000000084600000, 0x0000000084600000|100%| O|  |TAMS 0x0000000084600000, 0x0000000084500000| Untracked 
|  70|0x0000000084600000, 0x0000000084700000, 0x0000000084700000|100%| O|  |TAMS 0x0000000084700000, 0x0000000084600000| Untracked 
|  71|0x0000000084700000, 0x0000000084800000, 0x0000000084800000|100%| O|  |TAMS 0x0000000084800000, 0x0000000084700000| Untracked 
|  72|0x0000000084800000, 0x0000000084900000, 0x0000000084900000|100%| O|  |TAMS 0x0000000084900000, 0x0000000084800000| Untracked 
|  73|0x0000000084900000, 0x0000000084a00000, 0x0000000084a00000|100%| O|  |TAMS 0x0000000084a00000, 0x0000000084900000| Untracked 
|  74|0x0000000084a00000, 0x0000000084b00000, 0x0000000084b00000|100%| O|  |TAMS 0x0000000084b00000, 0x0000000084a00000| Untracked 
|  75|0x0000000084b00000, 0x0000000084c00000, 0x0000000084c00000|100%| O|  |TAMS 0x0000000084b00000, 0x0000000084b00000| Untracked 
|  76|0x0000000084c00000, 0x0000000084d00000, 0x0000000084d00000|100%| O|  |TAMS 0x0000000084c00000, 0x0000000084c00000| Untracked 
|  77|0x0000000084d00000, 0x0000000084e00000, 0x0000000084e00000|100%| O|  |TAMS 0x0000000084e00000, 0x0000000084d00000| Untracked 
|  78|0x0000000084e00000, 0x0000000084f00000, 0x0000000084f00000|100%| O|  |TAMS 0x0000000084f00000, 0x0000000084e00000| Untracked 
|  79|0x0000000084f00000, 0x0000000085000000, 0x0000000085000000|100%| O|  |TAMS 0x0000000085000000, 0x0000000084f00000| Untracked 
|  80|0x0000000085000000, 0x0000000085100000, 0x0000000085100000|100%| O|  |TAMS 0x0000000085100000, 0x0000000085000000| Untracked 
|  81|0x0000000085100000, 0x0000000085200000, 0x0000000085200000|100%| O|  |TAMS 0x0000000085200000, 0x0000000085100000| Untracked 
|  82|0x0000000085200000, 0x0000000085300000, 0x0000000085300000|100%| O|  |TAMS 0x0000000085300000, 0x0000000085200000| Untracked 
|  83|0x0000000085300000, 0x0000000085400000, 0x0000000085400000|100%| O|  |TAMS 0x0000000085400000, 0x0000000085300000| Untracked 
|  84|0x0000000085400000, 0x0000000085500000, 0x0000000085500000|100%| O|  |TAMS 0x0000000085500000, 0x0000000085400000| Untracked 
|  85|0x0000000085500000, 0x0000000085600000, 0x0000000085600000|100%| O|  |TAMS 0x0000000085600000, 0x0000000085500000| Untracked 
|  86|0x0000000085600000, 0x0000000085700000, 0x0000000085700000|100%| O|  |TAMS 0x0000000085700000, 0x0000000085600000| Untracked 
|  87|0x0000000085700000, 0x0000000085800000, 0x0000000085800000|100%| O|  |TAMS 0x0000000085800000, 0x0000000085700000| Untracked 
|  88|0x0000000085800000, 0x0000000085900000, 0x0000000085900000|100%| O|  |TAMS 0x0000000085800000, 0x0000000085800000| Untracked 
|  89|0x0000000085900000, 0x0000000085a00000, 0x0000000085a00000|100%| O|  |TAMS 0x0000000085a00000, 0x0000000085900000| Untracked 
|  90|0x0000000085a00000, 0x0000000085b00000, 0x0000000085b00000|100%| O|  |TAMS 0x0000000085b00000, 0x0000000085a00000| Untracked 
|  91|0x0000000085b00000, 0x0000000085c00000, 0x0000000085c00000|100%| O|  |TAMS 0x0000000085b00000, 0x0000000085b00000| Untracked 
|  92|0x0000000085c00000, 0x0000000085d00000, 0x0000000085d00000|100%| O|  |TAMS 0x0000000085d00000, 0x0000000085c00000| Untracked 
|  93|0x0000000085d00000, 0x0000000085e00000, 0x0000000085e00000|100%| O|  |TAMS 0x0000000085e00000, 0x0000000085d00000| Untracked 
|  94|0x0000000085e00000, 0x0000000085f00000, 0x0000000085f00000|100%| O|  |TAMS 0x0000000085e00000, 0x0000000085e00000| Untracked 
|  95|0x0000000085f00000, 0x0000000086000000, 0x0000000086000000|100%| O|  |TAMS 0x0000000086000000, 0x0000000085f00000| Untracked 
|  96|0x0000000086000000, 0x0000000086100000, 0x0000000086100000|100%| O|  |TAMS 0x0000000086100000, 0x0000000086000000| Untracked 
|  97|0x0000000086100000, 0x0000000086200000, 0x0000000086200000|100%|HS|  |TAMS 0x0000000086200000, 0x0000000086100000| Complete 
|  98|0x0000000086200000, 0x0000000086300000, 0x0000000086300000|100%| O|  |TAMS 0x0000000086300000, 0x0000000086200000| Untracked 
|  99|0x0000000086300000, 0x0000000086400000, 0x0000000086400000|100%| O|  |TAMS 0x0000000086400000, 0x0000000086300000| Untracked 
| 100|0x0000000086400000, 0x0000000086500000, 0x0000000086500000|100%| O|  |TAMS 0x0000000086500000, 0x0000000086400000| Untracked 
| 101|0x0000000086500000, 0x0000000086600000, 0x0000000086600000|100%| O|  |TAMS 0x0000000086600000, 0x0000000086500000| Untracked 
| 102|0x0000000086600000, 0x0000000086700000, 0x0000000086700000|100%| O|  |TAMS 0x0000000086700000, 0x0000000086600000| Untracked 
| 103|0x0000000086700000, 0x0000000086800000, 0x0000000086800000|100%| O|  |TAMS 0x0000000086800000, 0x0000000086700000| Untracked 
| 104|0x0000000086800000, 0x0000000086900000, 0x0000000086900000|100%| O|  |TAMS 0x0000000086900000, 0x0000000086800000| Untracked 
| 105|0x0000000086900000, 0x0000000086a00000, 0x0000000086a00000|100%| O|  |TAMS 0x0000000086a00000, 0x0000000086900000| Untracked 
| 106|0x0000000086a00000, 0x0000000086b00000, 0x0000000086b00000|100%| O|  |TAMS 0x0000000086b00000, 0x0000000086a00000| Untracked 
| 107|0x0000000086b00000, 0x0000000086c00000, 0x0000000086c00000|100%| O|  |TAMS 0x0000000086c00000, 0x0000000086b00000| Untracked 
| 108|0x0000000086c00000, 0x0000000086d00000, 0x0000000086d00000|100%| O|  |TAMS 0x0000000086d00000, 0x0000000086c00000| Untracked 
| 109|0x0000000086d00000, 0x0000000086e00000, 0x0000000086e00000|100%|HS|  |TAMS 0x0000000086e00000, 0x0000000086d00000| Complete 
| 110|0x0000000086e00000, 0x0000000086f00000, 0x0000000086f00000|100%|HC|  |TAMS 0x0000000086f00000, 0x0000000086e00000| Complete 
| 111|0x0000000086f00000, 0x0000000087000000, 0x0000000087000000|100%|HS|  |TAMS 0x0000000087000000, 0x0000000086f00000| Complete 
| 112|0x0000000087000000, 0x0000000087100000, 0x0000000087100000|100%|HS|  |TAMS 0x0000000087100000, 0x0000000087000000| Complete 
| 113|0x0000000087100000, 0x0000000087200000, 0x0000000087200000|100%| O|  |TAMS 0x0000000087200000, 0x0000000087100000| Untracked 
| 114|0x0000000087200000, 0x0000000087300000, 0x0000000087300000|100%| O|  |TAMS 0x0000000087300000, 0x0000000087200000| Untracked 
| 115|0x0000000087300000, 0x0000000087400000, 0x0000000087400000|100%| O|  |TAMS 0x0000000087400000, 0x0000000087300000| Untracked 
| 116|0x0000000087400000, 0x0000000087500000, 0x0000000087500000|100%| O|  |TAMS 0x0000000087500000, 0x0000000087400000| Untracked 
| 117|0x0000000087500000, 0x0000000087600000, 0x0000000087600000|100%| O|  |TAMS 0x0000000087600000, 0x0000000087500000| Untracked 
| 118|0x0000000087600000, 0x0000000087700000, 0x0000000087700000|100%| O|  |TAMS 0x0000000087700000, 0x0000000087600000| Untracked 
| 119|0x0000000087700000, 0x0000000087800000, 0x0000000087800000|100%| O|  |TAMS 0x0000000087800000, 0x0000000087700000| Untracked 
| 120|0x0000000087800000, 0x0000000087900000, 0x0000000087900000|100%| O|  |TAMS 0x0000000087900000, 0x0000000087800000| Untracked 
| 121|0x0000000087900000, 0x0000000087a00000, 0x0000000087a00000|100%| O|  |TAMS 0x0000000087a00000, 0x0000000087900000| Untracked 
| 122|0x0000000087a00000, 0x0000000087b00000, 0x0000000087b00000|100%|HS|  |TAMS 0x0000000087b00000, 0x0000000087a00000| Complete 
| 123|0x0000000087b00000, 0x0000000087c00000, 0x0000000087c00000|100%|HS|  |TAMS 0x0000000087c00000, 0x0000000087b00000| Complete 
| 124|0x0000000087c00000, 0x0000000087d00000, 0x0000000087d00000|100%|HC|  |TAMS 0x0000000087d00000, 0x0000000087c00000| Complete 
| 125|0x0000000087d00000, 0x0000000087e00000, 0x0000000087e00000|100%|HS|  |TAMS 0x0000000087e00000, 0x0000000087d00000| Complete 
| 126|0x0000000087e00000, 0x0000000087f00000, 0x0000000087f00000|100%|HS|  |TAMS 0x0000000087f00000, 0x0000000087e00000| Complete 
| 127|0x0000000087f00000, 0x0000000088000000, 0x0000000088000000|100%|HC|  |TAMS 0x0000000088000000, 0x0000000087f00000| Complete 
| 128|0x0000000088000000, 0x0000000088100000, 0x0000000088100000|100%|HC|  |TAMS 0x0000000088100000, 0x0000000088000000| Complete 
| 129|0x0000000088100000, 0x0000000088200000, 0x0000000088200000|100%|HC|  |TAMS 0x0000000088200000, 0x0000000088100000| Complete 
| 130|0x0000000088200000, 0x0000000088300000, 0x0000000088300000|100%| O|  |TAMS 0x0000000088300000, 0x0000000088200000| Untracked 
| 131|0x0000000088300000, 0x0000000088400000, 0x0000000088400000|100%| O|  |TAMS 0x0000000088400000, 0x0000000088300000| Untracked 
| 132|0x0000000088400000, 0x0000000088500000, 0x0000000088500000|100%|HS|  |TAMS 0x0000000088500000, 0x0000000088400000| Complete 
| 133|0x0000000088500000, 0x0000000088600000, 0x0000000088600000|100%|HC|  |TAMS 0x0000000088600000, 0x0000000088500000| Complete 
| 134|0x0000000088600000, 0x0000000088700000, 0x0000000088700000|100%|HC|  |TAMS 0x0000000088700000, 0x0000000088600000| Complete 
| 135|0x0000000088700000, 0x0000000088800000, 0x0000000088800000|100%|HC|  |TAMS 0x0000000088800000, 0x0000000088700000| Complete 
| 136|0x0000000088800000, 0x0000000088900000, 0x0000000088900000|100%| O|  |TAMS 0x0000000088900000, 0x0000000088800000| Untracked 
| 137|0x0000000088900000, 0x0000000088a00000, 0x0000000088a00000|100%| O|  |TAMS 0x0000000088a00000, 0x0000000088900000| Untracked 
| 138|0x0000000088a00000, 0x0000000088b00000, 0x0000000088b00000|100%| O|  |TAMS 0x0000000088b00000, 0x0000000088a00000| Untracked 
| 139|0x0000000088b00000, 0x0000000088c00000, 0x0000000088c00000|100%| O|  |TAMS 0x0000000088c00000, 0x0000000088b00000| Untracked 
| 140|0x0000000088c00000, 0x0000000088d00000, 0x0000000088d00000|100%| O|  |TAMS 0x0000000088d00000, 0x0000000088c00000| Untracked 
| 141|0x0000000088d00000, 0x0000000088e00000, 0x0000000088e00000|100%| O|  |TAMS 0x0000000088e00000, 0x0000000088d00000| Untracked 
| 142|0x0000000088e00000, 0x0000000088f00000, 0x0000000088f00000|100%| O|  |TAMS 0x0000000088f00000, 0x0000000088e00000| Untracked 
| 143|0x0000000088f00000, 0x0000000089000000, 0x0000000089000000|100%| O|  |TAMS 0x0000000089000000, 0x0000000088f00000| Untracked 
| 144|0x0000000089000000, 0x0000000089100000, 0x0000000089100000|100%| O|  |TAMS 0x0000000089100000, 0x0000000089000000| Untracked 
| 145|0x0000000089100000, 0x0000000089200000, 0x0000000089200000|100%| O|  |TAMS 0x0000000089200000, 0x0000000089100000| Untracked 
| 146|0x0000000089200000, 0x0000000089300000, 0x0000000089300000|100%| O|  |TAMS 0x0000000089300000, 0x0000000089200000| Untracked 
| 147|0x0000000089300000, 0x0000000089400000, 0x0000000089400000|100%| O|  |TAMS 0x0000000089400000, 0x0000000089300000| Untracked 
| 148|0x0000000089400000, 0x0000000089500000, 0x0000000089500000|100%| O|  |TAMS 0x0000000089500000, 0x0000000089400000| Untracked 
| 149|0x0000000089500000, 0x0000000089600000, 0x0000000089600000|100%| O|  |TAMS 0x0000000089600000, 0x0000000089500000| Untracked 
| 150|0x0000000089600000, 0x0000000089700000, 0x0000000089700000|100%| O|  |TAMS 0x0000000089700000, 0x0000000089600000| Untracked 
| 151|0x0000000089700000, 0x0000000089800000, 0x0000000089800000|100%| O|  |TAMS 0x0000000089800000, 0x0000000089700000| Untracked 
| 152|0x0000000089800000, 0x0000000089900000, 0x0000000089900000|100%| O|  |TAMS 0x0000000089900000, 0x0000000089800000| Untracked 
| 153|0x0000000089900000, 0x0000000089a00000, 0x0000000089a00000|100%| O|  |TAMS 0x0000000089a00000, 0x0000000089900000| Untracked 
| 154|0x0000000089a00000, 0x0000000089b00000, 0x0000000089b00000|100%| O|  |TAMS 0x0000000089b00000, 0x0000000089a00000| Untracked 
| 155|0x0000000089b00000, 0x0000000089c00000, 0x0000000089c00000|100%| O|  |TAMS 0x0000000089c00000, 0x0000000089b00000| Untracked 
| 156|0x0000000089c00000, 0x0000000089d00000, 0x0000000089d00000|100%| O|  |TAMS 0x0000000089d00000, 0x0000000089c00000| Untracked 
| 157|0x0000000089d00000, 0x0000000089e00000, 0x0000000089e00000|100%| O|  |TAMS 0x0000000089e00000, 0x0000000089d00000| Untracked 
| 158|0x0000000089e00000, 0x0000000089f00000, 0x0000000089f00000|100%| O|  |TAMS 0x0000000089f00000, 0x0000000089e00000| Untracked 
| 159|0x0000000089f00000, 0x000000008a000000, 0x000000008a000000|100%| O|  |TAMS 0x000000008a000000, 0x0000000089f00000| Untracked 
| 160|0x000000008a000000, 0x000000008a100000, 0x000000008a100000|100%| O|  |TAMS 0x000000008a100000, 0x000000008a000000| Untracked 
| 161|0x000000008a100000, 0x000000008a200000, 0x000000008a200000|100%| O|  |TAMS 0x000000008a200000, 0x000000008a100000| Untracked 
| 162|0x000000008a200000, 0x000000008a300000, 0x000000008a300000|100%| O|  |TAMS 0x000000008a300000, 0x000000008a200000| Untracked 
| 163|0x000000008a300000, 0x000000008a400000, 0x000000008a400000|100%| O|  |TAMS 0x000000008a400000, 0x000000008a300000| Untracked 
| 164|0x000000008a400000, 0x000000008a500000, 0x000000008a500000|100%| O|  |TAMS 0x000000008a400000, 0x000000008a400000| Untracked 
| 165|0x000000008a500000, 0x000000008a600000, 0x000000008a600000|100%| O|  |TAMS 0x000000008a600000, 0x000000008a500000| Untracked 
| 166|0x000000008a600000, 0x000000008a700000, 0x000000008a700000|100%| O|  |TAMS 0x000000008a700000, 0x000000008a600000| Untracked 
| 167|0x000000008a700000, 0x000000008a800000, 0x000000008a800000|100%| O|  |TAMS 0x000000008a800000, 0x000000008a700000| Untracked 
| 168|0x000000008a800000, 0x000000008a900000, 0x000000008a900000|100%| O|  |TAMS 0x000000008a900000, 0x000000008a800000| Untracked 
| 169|0x000000008a900000, 0x000000008aa00000, 0x000000008aa00000|100%| O|  |TAMS 0x000000008a900000, 0x000000008a900000| Untracked 
| 170|0x000000008aa00000, 0x000000008ab00000, 0x000000008ab00000|100%| O|  |TAMS 0x000000008ab00000, 0x000000008aa00000| Untracked 
| 171|0x000000008ab00000, 0x000000008ac00000, 0x000000008ac00000|100%| O|  |TAMS 0x000000008ac00000, 0x000000008ab00000| Untracked 
| 172|0x000000008ac00000, 0x000000008ad00000, 0x000000008ad00000|100%| O|  |TAMS 0x000000008ad00000, 0x000000008ac00000| Untracked 
| 173|0x000000008ad00000, 0x000000008ae00000, 0x000000008ae00000|100%| O|  |TAMS 0x000000008ae00000, 0x000000008ad00000| Untracked 
| 174|0x000000008ae00000, 0x000000008af00000, 0x000000008af00000|100%| O|  |TAMS 0x000000008af00000, 0x000000008ae00000| Untracked 
| 175|0x000000008af00000, 0x000000008b000000, 0x000000008b000000|100%| O|  |TAMS 0x000000008b000000, 0x000000008af00000| Untracked 
| 176|0x000000008b000000, 0x000000008b100000, 0x000000008b100000|100%| O|  |TAMS 0x000000008b100000, 0x000000008b000000| Untracked 
| 177|0x000000008b100000, 0x000000008b200000, 0x000000008b200000|100%| O|  |TAMS 0x000000008b200000, 0x000000008b100000| Untracked 
| 178|0x000000008b200000, 0x000000008b300000, 0x000000008b300000|100%| O|  |TAMS 0x000000008b300000, 0x000000008b200000| Untracked 
| 179|0x000000008b300000, 0x000000008b400000, 0x000000008b400000|100%| O|  |TAMS 0x000000008b400000, 0x000000008b300000| Untracked 
| 180|0x000000008b400000, 0x000000008b500000, 0x000000008b500000|100%| O|  |TAMS 0x000000008b500000, 0x000000008b400000| Untracked 
| 181|0x000000008b500000, 0x000000008b600000, 0x000000008b600000|100%| O|  |TAMS 0x000000008b600000, 0x000000008b500000| Untracked 
| 182|0x000000008b600000, 0x000000008b700000, 0x000000008b700000|100%| O|  |TAMS 0x000000008b700000, 0x000000008b600000| Untracked 
| 183|0x000000008b700000, 0x000000008b800000, 0x000000008b800000|100%| O|  |TAMS 0x000000008b800000, 0x000000008b700000| Untracked 
| 184|0x000000008b800000, 0x000000008b900000, 0x000000008b900000|100%| O|  |TAMS 0x000000008b900000, 0x000000008b800000| Untracked 
| 185|0x000000008b900000, 0x000000008ba00000, 0x000000008ba00000|100%| O|  |TAMS 0x000000008ba00000, 0x000000008b900000| Untracked 
| 186|0x000000008ba00000, 0x000000008bb00000, 0x000000008bb00000|100%| O|  |TAMS 0x000000008ba00000, 0x000000008ba00000| Untracked 
| 187|0x000000008bb00000, 0x000000008bc00000, 0x000000008bc00000|100%| O|  |TAMS 0x000000008bc00000, 0x000000008bb00000| Untracked 
| 188|0x000000008bc00000, 0x000000008bd00000, 0x000000008bd00000|100%| O|  |TAMS 0x000000008bd00000, 0x000000008bc00000| Untracked 
| 189|0x000000008bd00000, 0x000000008be00000, 0x000000008be00000|100%| O|  |TAMS 0x000000008be00000, 0x000000008bd00000| Untracked 
| 190|0x000000008be00000, 0x000000008bf00000, 0x000000008bf00000|100%| O|  |TAMS 0x000000008bf00000, 0x000000008be00000| Untracked 
| 191|0x000000008bf00000, 0x000000008c000000, 0x000000008c000000|100%| O|  |TAMS 0x000000008c000000, 0x000000008bf00000| Untracked 
| 192|0x000000008c000000, 0x000000008c100000, 0x000000008c100000|100%| O|  |TAMS 0x000000008c000000, 0x000000008c000000| Untracked 
| 193|0x000000008c100000, 0x000000008c200000, 0x000000008c200000|100%| O|  |TAMS 0x000000008c100000, 0x000000008c100000| Untracked 
| 194|0x000000008c200000, 0x000000008c300000, 0x000000008c300000|100%| O|  |TAMS 0x000000008c300000, 0x000000008c200000| Untracked 
| 195|0x000000008c300000, 0x000000008c400000, 0x000000008c400000|100%| O|  |TAMS 0x000000008c400000, 0x000000008c300000| Untracked 
| 196|0x000000008c400000, 0x000000008c500000, 0x000000008c500000|100%| O|  |TAMS 0x000000008c400000, 0x000000008c400000| Untracked 
| 197|0x000000008c500000, 0x000000008c600000, 0x000000008c600000|100%| O|  |TAMS 0x000000008c600000, 0x000000008c500000| Untracked 
| 198|0x000000008c600000, 0x000000008c700000, 0x000000008c700000|100%| O|  |TAMS 0x000000008c600000, 0x000000008c600000| Untracked 
| 199|0x000000008c700000, 0x000000008c800000, 0x000000008c800000|100%| O|  |TAMS 0x000000008c700000, 0x000000008c700000| Untracked 
| 200|0x000000008c800000, 0x000000008c900000, 0x000000008c900000|100%| O|  |TAMS 0x000000008c900000, 0x000000008c800000| Untracked 
| 201|0x000000008c900000, 0x000000008c9ffff8, 0x000000008ca00000| 99%| O|  |TAMS 0x000000008c9ffff8, 0x000000008c900000| Untracked 
| 202|0x000000008ca00000, 0x000000008cb00000, 0x000000008cb00000|100%| O|  |TAMS 0x000000008cb00000, 0x000000008ca00000| Untracked 
| 203|0x000000008cb00000, 0x000000008cc00000, 0x000000008cc00000|100%| O|  |TAMS 0x000000008cc00000, 0x000000008cb00000| Untracked 
| 204|0x000000008cc00000, 0x000000008cd00000, 0x000000008cd00000|100%| O|  |TAMS 0x000000008cd00000, 0x000000008cc00000| Untracked 
| 205|0x000000008cd00000, 0x000000008ce00000, 0x000000008ce00000|100%| O|  |TAMS 0x000000008ce00000, 0x000000008cd00000| Untracked 
| 206|0x000000008ce00000, 0x000000008cf00000, 0x000000008cf00000|100%| O|  |TAMS 0x000000008cf00000, 0x000000008ce00000| Untracked 
| 207|0x000000008cf00000, 0x000000008d000000, 0x000000008d000000|100%| O|  |TAMS 0x000000008d000000, 0x000000008cf00000| Untracked 
| 208|0x000000008d000000, 0x000000008d100000, 0x000000008d100000|100%| O|  |TAMS 0x000000008d000000, 0x000000008d000000| Untracked 
| 209|0x000000008d100000, 0x000000008d200000, 0x000000008d200000|100%| O|  |TAMS 0x000000008d100000, 0x000000008d100000| Untracked 
| 210|0x000000008d200000, 0x000000008d300000, 0x000000008d300000|100%| O|  |TAMS 0x000000008d200000, 0x000000008d200000| Untracked 
| 211|0x000000008d300000, 0x000000008d400000, 0x000000008d400000|100%| O|  |TAMS 0x000000008d400000, 0x000000008d300000| Untracked 
| 212|0x000000008d400000, 0x000000008d500000, 0x000000008d500000|100%| O|  |TAMS 0x000000008d500000, 0x000000008d400000| Untracked 
| 213|0x000000008d500000, 0x000000008d600000, 0x000000008d600000|100%| O|  |TAMS 0x000000008d600000, 0x000000008d500000| Untracked 
| 214|0x000000008d600000, 0x000000008d700000, 0x000000008d700000|100%| O|  |TAMS 0x000000008d700000, 0x000000008d600000| Untracked 
| 215|0x000000008d700000, 0x000000008d800000, 0x000000008d800000|100%| O|  |TAMS 0x000000008d800000, 0x000000008d700000| Untracked 
| 216|0x000000008d800000, 0x000000008d900000, 0x000000008d900000|100%| O|  |TAMS 0x000000008d900000, 0x000000008d800000| Untracked 
| 217|0x000000008d900000, 0x000000008da00000, 0x000000008da00000|100%| O|  |TAMS 0x000000008da00000, 0x000000008d900000| Untracked 
| 218|0x000000008da00000, 0x000000008db00000, 0x000000008db00000|100%| O|  |TAMS 0x000000008db00000, 0x000000008da00000| Untracked 
| 219|0x000000008db00000, 0x000000008dc00000, 0x000000008dc00000|100%| O|  |TAMS 0x000000008dc00000, 0x000000008db00000| Untracked 
| 220|0x000000008dc00000, 0x000000008dd00000, 0x000000008dd00000|100%| O|  |TAMS 0x000000008dd00000, 0x000000008dc00000| Untracked 
| 221|0x000000008dd00000, 0x000000008de00000, 0x000000008de00000|100%| O|  |TAMS 0x000000008de00000, 0x000000008dd00000| Untracked 
| 222|0x000000008de00000, 0x000000008df00000, 0x000000008df00000|100%| O|  |TAMS 0x000000008df00000, 0x000000008de00000| Untracked 
| 223|0x000000008df00000, 0x000000008e000000, 0x000000008e000000|100%| O|  |TAMS 0x000000008e000000, 0x000000008df00000| Untracked 
| 224|0x000000008e000000, 0x000000008e100000, 0x000000008e100000|100%| O|  |TAMS 0x000000008e100000, 0x000000008e000000| Untracked 
| 225|0x000000008e100000, 0x000000008e200000, 0x000000008e200000|100%| O|  |TAMS 0x000000008e200000, 0x000000008e100000| Untracked 
| 226|0x000000008e200000, 0x000000008e300000, 0x000000008e300000|100%| O|  |TAMS 0x000000008e300000, 0x000000008e200000| Untracked 
| 227|0x000000008e300000, 0x000000008e400000, 0x000000008e400000|100%| O|  |TAMS 0x000000008e300000, 0x000000008e300000| Untracked 
| 228|0x000000008e400000, 0x000000008e500000, 0x000000008e500000|100%| O|  |TAMS 0x000000008e500000, 0x000000008e400000| Untracked 
| 229|0x000000008e500000, 0x000000008e600000, 0x000000008e600000|100%| O|  |TAMS 0x000000008e600000, 0x000000008e500000| Untracked 
| 230|0x000000008e600000, 0x000000008e700000, 0x000000008e700000|100%| O|  |TAMS 0x000000008e700000, 0x000000008e600000| Untracked 
| 231|0x000000008e700000, 0x000000008e800000, 0x000000008e800000|100%| O|  |TAMS 0x000000008e800000, 0x000000008e700000| Untracked 
| 232|0x000000008e800000, 0x000000008e900000, 0x000000008e900000|100%| O|  |TAMS 0x000000008e900000, 0x000000008e800000| Untracked 
| 233|0x000000008e900000, 0x000000008ea00000, 0x000000008ea00000|100%| O|  |TAMS 0x000000008ea00000, 0x000000008e900000| Untracked 
| 234|0x000000008ea00000, 0x000000008eb00000, 0x000000008eb00000|100%| O|  |TAMS 0x000000008eb00000, 0x000000008ea00000| Untracked 
| 235|0x000000008eb00000, 0x000000008ec00000, 0x000000008ec00000|100%| O|  |TAMS 0x000000008ec00000, 0x000000008eb00000| Untracked 
| 236|0x000000008ec00000, 0x000000008ed00000, 0x000000008ed00000|100%| O|  |TAMS 0x000000008ed00000, 0x000000008ec00000| Untracked 
| 237|0x000000008ed00000, 0x000000008ee00000, 0x000000008ee00000|100%| O|  |TAMS 0x000000008ee00000, 0x000000008ed00000| Untracked 
| 238|0x000000008ee00000, 0x000000008ef00000, 0x000000008ef00000|100%| O|  |TAMS 0x000000008ef00000, 0x000000008ee00000| Untracked 
| 239|0x000000008ef00000, 0x000000008f000000, 0x000000008f000000|100%| O|  |TAMS 0x000000008f000000, 0x000000008ef00000| Untracked 
| 240|0x000000008f000000, 0x000000008f100000, 0x000000008f100000|100%| O|  |TAMS 0x000000008f100000, 0x000000008f000000| Untracked 
| 241|0x000000008f100000, 0x000000008f200000, 0x000000008f200000|100%| O|  |TAMS 0x000000008f200000, 0x000000008f100000| Untracked 
| 242|0x000000008f200000, 0x000000008f300000, 0x000000008f300000|100%| O|  |TAMS 0x000000008f300000, 0x000000008f200000| Untracked 
| 243|0x000000008f300000, 0x000000008f400000, 0x000000008f400000|100%| O|  |TAMS 0x000000008f400000, 0x000000008f300000| Untracked 
| 244|0x000000008f400000, 0x000000008f500000, 0x000000008f500000|100%| O|  |TAMS 0x000000008f500000, 0x000000008f400000| Untracked 
| 245|0x000000008f500000, 0x000000008f600000, 0x000000008f600000|100%| O|  |TAMS 0x000000008f600000, 0x000000008f500000| Untracked 
| 246|0x000000008f600000, 0x000000008f700000, 0x000000008f700000|100%| O|  |TAMS 0x000000008f700000, 0x000000008f600000| Untracked 
| 247|0x000000008f700000, 0x000000008f800000, 0x000000008f800000|100%| O|  |TAMS 0x000000008f800000, 0x000000008f700000| Untracked 
| 248|0x000000008f800000, 0x000000008f900000, 0x000000008f900000|100%| O|  |TAMS 0x000000008f900000, 0x000000008f800000| Untracked 
| 249|0x000000008f900000, 0x000000008fa00000, 0x000000008fa00000|100%| O|  |TAMS 0x000000008fa00000, 0x000000008f900000| Untracked 
| 250|0x000000008fa00000, 0x000000008fb00000, 0x000000008fb00000|100%| O|  |TAMS 0x000000008fa00000, 0x000000008fa00000| Untracked 
| 251|0x000000008fb00000, 0x000000008fc00000, 0x000000008fc00000|100%| O|  |TAMS 0x000000008fc00000, 0x000000008fb00000| Untracked 
| 252|0x000000008fc00000, 0x000000008fd00000, 0x000000008fd00000|100%| O|  |TAMS 0x000000008fd00000, 0x000000008fc00000| Untracked 
| 253|0x000000008fd00000, 0x000000008fe00000, 0x000000008fe00000|100%| O|  |TAMS 0x000000008fe00000, 0x000000008fd00000| Untracked 
| 254|0x000000008fe00000, 0x000000008ff00000, 0x000000008ff00000|100%| O|  |TAMS 0x000000008ff00000, 0x000000008fe00000| Untracked 
| 255|0x000000008ff00000, 0x0000000090000000, 0x0000000090000000|100%| O|  |TAMS 0x0000000090000000, 0x000000008ff00000| Untracked 
| 256|0x0000000090000000, 0x0000000090100000, 0x0000000090100000|100%| O|  |TAMS 0x0000000090100000, 0x0000000090000000| Untracked 
| 257|0x0000000090100000, 0x0000000090200000, 0x0000000090200000|100%| O|  |TAMS 0x0000000090200000, 0x0000000090100000| Untracked 
| 258|0x0000000090200000, 0x0000000090300000, 0x0000000090300000|100%| O|  |TAMS 0x0000000090300000, 0x0000000090200000| Untracked 
| 259|0x0000000090300000, 0x0000000090400000, 0x0000000090400000|100%| O|  |TAMS 0x0000000090400000, 0x0000000090300000| Untracked 
| 260|0x0000000090400000, 0x0000000090500000, 0x0000000090500000|100%| O|  |TAMS 0x0000000090500000, 0x0000000090400000| Untracked 
| 261|0x0000000090500000, 0x0000000090600000, 0x0000000090600000|100%| O|  |TAMS 0x0000000090600000, 0x0000000090500000| Untracked 
| 262|0x0000000090600000, 0x0000000090700000, 0x0000000090700000|100%| O|  |TAMS 0x0000000090700000, 0x0000000090600000| Untracked 
| 263|0x0000000090700000, 0x0000000090800000, 0x0000000090800000|100%| O|  |TAMS 0x0000000090800000, 0x0000000090700000| Untracked 
| 264|0x0000000090800000, 0x0000000090900000, 0x0000000090900000|100%| O|  |TAMS 0x0000000090900000, 0x0000000090800000| Untracked 
| 265|0x0000000090900000, 0x0000000090a00000, 0x0000000090a00000|100%| O|  |TAMS 0x0000000090a00000, 0x0000000090900000| Untracked 
| 266|0x0000000090a00000, 0x0000000090b00000, 0x0000000090b00000|100%| O|  |TAMS 0x0000000090b00000, 0x0000000090a00000| Untracked 
| 267|0x0000000090b00000, 0x0000000090c00000, 0x0000000090c00000|100%| O|  |TAMS 0x0000000090c00000, 0x0000000090b00000| Untracked 
| 268|0x0000000090c00000, 0x0000000090d00000, 0x0000000090d00000|100%| O|  |TAMS 0x0000000090d00000, 0x0000000090c00000| Untracked 
| 269|0x0000000090d00000, 0x0000000090e00000, 0x0000000090e00000|100%| O|  |TAMS 0x0000000090d00000, 0x0000000090d00000| Untracked 
| 270|0x0000000090e00000, 0x0000000090f00000, 0x0000000090f00000|100%| O|  |TAMS 0x0000000090f00000, 0x0000000090e00000| Untracked 
| 271|0x0000000090f00000, 0x0000000091000000, 0x0000000091000000|100%| O|  |TAMS 0x0000000091000000, 0x0000000090f00000| Untracked 
| 272|0x0000000091000000, 0x0000000091100000, 0x0000000091100000|100%| O|  |TAMS 0x0000000091100000, 0x0000000091000000| Untracked 
| 273|0x0000000091100000, 0x0000000091200000, 0x0000000091200000|100%| O|  |TAMS 0x0000000091200000, 0x0000000091100000| Untracked 
| 274|0x0000000091200000, 0x0000000091300000, 0x0000000091300000|100%| O|  |TAMS 0x0000000091300000, 0x0000000091200000| Untracked 
| 275|0x0000000091300000, 0x0000000091400000, 0x0000000091400000|100%| O|  |TAMS 0x0000000091300000, 0x0000000091300000| Untracked 
| 276|0x0000000091400000, 0x0000000091500000, 0x0000000091500000|100%| O|  |TAMS 0x0000000091400000, 0x0000000091400000| Untracked 
| 277|0x0000000091500000, 0x0000000091600000, 0x0000000091600000|100%| O|  |TAMS 0x0000000091600000, 0x0000000091500000| Untracked 
| 278|0x0000000091600000, 0x0000000091700000, 0x0000000091700000|100%| O|  |TAMS 0x0000000091600000, 0x0000000091600000| Untracked 
| 279|0x0000000091700000, 0x0000000091800000, 0x0000000091800000|100%| O|  |TAMS 0x0000000091700000, 0x0000000091700000| Untracked 
| 280|0x0000000091800000, 0x0000000091900000, 0x0000000091900000|100%| O|  |TAMS 0x0000000091900000, 0x0000000091800000| Untracked 
| 281|0x0000000091900000, 0x0000000091a00000, 0x0000000091a00000|100%| O|  |TAMS 0x0000000091900000, 0x0000000091900000| Untracked 
| 282|0x0000000091a00000, 0x0000000091b00000, 0x0000000091b00000|100%| O|  |TAMS 0x0000000091b00000, 0x0000000091a00000| Untracked 
| 283|0x0000000091b00000, 0x0000000091c00000, 0x0000000091c00000|100%| O|  |TAMS 0x0000000091c00000, 0x0000000091b00000| Untracked 
| 284|0x0000000091c00000, 0x0000000091d00000, 0x0000000091d00000|100%| O|  |TAMS 0x0000000091d00000, 0x0000000091c00000| Untracked 
| 285|0x0000000091d00000, 0x0000000091e00000, 0x0000000091e00000|100%| O|  |TAMS 0x0000000091e00000, 0x0000000091d00000| Untracked 
| 286|0x0000000091e00000, 0x0000000091f00000, 0x0000000091f00000|100%| O|  |TAMS 0x0000000091f00000, 0x0000000091e00000| Untracked 
| 287|0x0000000091f00000, 0x0000000092000000, 0x0000000092000000|100%| O|  |TAMS 0x0000000092000000, 0x0000000091f00000| Untracked 
| 288|0x0000000092000000, 0x0000000092100000, 0x0000000092100000|100%| O|  |TAMS 0x0000000092100000, 0x0000000092000000| Untracked 
| 289|0x0000000092100000, 0x0000000092200000, 0x0000000092200000|100%| O|  |TAMS 0x0000000092200000, 0x0000000092100000| Untracked 
| 290|0x0000000092200000, 0x0000000092300000, 0x0000000092300000|100%| O|  |TAMS 0x0000000092200000, 0x0000000092200000| Untracked 
| 291|0x0000000092300000, 0x0000000092400000, 0x0000000092400000|100%| O|  |TAMS 0x0000000092300000, 0x0000000092300000| Untracked 
| 292|0x0000000092400000, 0x0000000092500000, 0x0000000092500000|100%| O|  |TAMS 0x0000000092400000, 0x0000000092400000| Untracked 
| 293|0x0000000092500000, 0x0000000092600000, 0x0000000092600000|100%| O|  |TAMS 0x0000000092500000, 0x0000000092500000| Untracked 
| 294|0x0000000092600000, 0x0000000092700000, 0x0000000092700000|100%| O|  |TAMS 0x0000000092600000, 0x0000000092600000| Untracked 
| 295|0x0000000092700000, 0x0000000092800000, 0x0000000092800000|100%| O|  |TAMS 0x0000000092700000, 0x0000000092700000| Untracked 
| 296|0x0000000092800000, 0x0000000092900000, 0x0000000092900000|100%| O|  |TAMS 0x0000000092800000, 0x0000000092800000| Untracked 
| 297|0x0000000092900000, 0x0000000092a00000, 0x0000000092a00000|100%| O|  |TAMS 0x0000000092900000, 0x0000000092900000| Untracked 
| 298|0x0000000092a00000, 0x0000000092b00000, 0x0000000092b00000|100%| O|  |TAMS 0x0000000092a00000, 0x0000000092a00000| Untracked 
| 299|0x0000000092b00000, 0x0000000092c00000, 0x0000000092c00000|100%| O|  |TAMS 0x0000000092b00000, 0x0000000092b00000| Untracked 
| 300|0x0000000092c00000, 0x0000000092d00000, 0x0000000092d00000|100%| O|  |TAMS 0x0000000092c00000, 0x0000000092c00000| Untracked 
| 301|0x0000000092d00000, 0x0000000092e00000, 0x0000000092e00000|100%| O|  |TAMS 0x0000000092d00000, 0x0000000092d00000| Untracked 
| 302|0x0000000092e00000, 0x0000000092f00000, 0x0000000092f00000|100%| O|  |TAMS 0x0000000092f00000, 0x0000000092e00000| Untracked 
| 303|0x0000000092f00000, 0x0000000092f5f400, 0x0000000093000000| 37%| O|  |TAMS 0x0000000092f00000, 0x0000000092f00000| Untracked 
| 304|0x0000000093000000, 0x0000000093100000, 0x0000000093100000|100%| O|  |TAMS 0x0000000093100000, 0x0000000093000000| Untracked 
| 305|0x0000000093100000, 0x0000000093200000, 0x0000000093200000|100%| O|  |TAMS 0x0000000093200000, 0x0000000093100000| Untracked 
| 306|0x0000000093200000, 0x0000000093300000, 0x0000000093300000|100%| O|  |TAMS 0x0000000093300000, 0x0000000093200000| Untracked 
| 307|0x0000000093300000, 0x0000000093400000, 0x0000000093400000|100%| O|  |TAMS 0x0000000093400000, 0x0000000093300000| Untracked 
| 308|0x0000000093400000, 0x0000000093500000, 0x0000000093500000|100%| O|  |TAMS 0x0000000093500000, 0x0000000093400000| Untracked 
| 309|0x0000000093500000, 0x0000000093600000, 0x0000000093600000|100%| O|  |TAMS 0x0000000093600000, 0x0000000093500000| Untracked 
| 310|0x0000000093600000, 0x0000000093700000, 0x0000000093700000|100%| O|  |TAMS 0x0000000093700000, 0x0000000093600000| Untracked 
| 311|0x0000000093700000, 0x0000000093800000, 0x0000000093800000|100%| O|  |TAMS 0x0000000093800000, 0x0000000093700000| Untracked 
| 312|0x0000000093800000, 0x0000000093900000, 0x0000000093900000|100%| O|  |TAMS 0x0000000093900000, 0x0000000093800000| Untracked 
| 313|0x0000000093900000, 0x0000000093a00000, 0x0000000093a00000|100%| O|  |TAMS 0x0000000093909200, 0x0000000093900000| Untracked 
| 314|0x0000000093a00000, 0x0000000093b00000, 0x0000000093b00000|100%| O|  |TAMS 0x0000000093a00000, 0x0000000093a00000| Untracked 
| 315|0x0000000093b00000, 0x0000000093c00000, 0x0000000093c00000|100%| O|  |TAMS 0x0000000093b00000, 0x0000000093b00000| Untracked 
| 316|0x0000000093c00000, 0x0000000093d00000, 0x0000000093d00000|100%| O|  |TAMS 0x0000000093c00000, 0x0000000093c00000| Untracked 
| 317|0x0000000093d00000, 0x0000000093e00000, 0x0000000093e00000|100%| O|  |TAMS 0x0000000093d00000, 0x0000000093d00000| Untracked 
| 318|0x0000000093e00000, 0x0000000093f00000, 0x0000000093f00000|100%| O|  |TAMS 0x0000000093e00000, 0x0000000093e00000| Untracked 
| 319|0x0000000093f00000, 0x0000000094000000, 0x0000000094000000|100%| O|  |TAMS 0x0000000093f00000, 0x0000000093f00000| Untracked 
| 320|0x0000000094000000, 0x0000000094100000, 0x0000000094100000|100%| O|  |TAMS 0x0000000094000000, 0x0000000094000000| Untracked 
| 321|0x0000000094100000, 0x0000000094200000, 0x0000000094200000|100%| O|  |TAMS 0x0000000094100000, 0x0000000094100000| Untracked 
| 322|0x0000000094200000, 0x0000000094300000, 0x0000000094300000|100%| O|  |TAMS 0x0000000094200000, 0x0000000094200000| Untracked 
| 323|0x0000000094300000, 0x0000000094400000, 0x0000000094400000|100%| O|  |TAMS 0x0000000094300000, 0x0000000094300000| Untracked 
| 324|0x0000000094400000, 0x0000000094500000, 0x0000000094500000|100%| O|  |TAMS 0x0000000094400000, 0x0000000094400000| Untracked 
| 325|0x0000000094500000, 0x0000000094600000, 0x0000000094600000|100%| O|  |TAMS 0x0000000094500000, 0x0000000094500000| Untracked 
| 326|0x0000000094600000, 0x0000000094700000, 0x0000000094700000|100%| O|  |TAMS 0x0000000094600000, 0x0000000094600000| Untracked 
| 327|0x0000000094700000, 0x0000000094800000, 0x0000000094800000|100%| O|  |TAMS 0x0000000094700000, 0x0000000094700000| Untracked 
| 328|0x0000000094800000, 0x0000000094900000, 0x0000000094900000|100%| O|  |TAMS 0x0000000094800000, 0x0000000094800000| Untracked 
| 329|0x0000000094900000, 0x0000000094a00000, 0x0000000094a00000|100%| O|  |TAMS 0x0000000094900000, 0x0000000094900000| Untracked 
| 330|0x0000000094a00000, 0x0000000094b00000, 0x0000000094b00000|100%| O|  |TAMS 0x0000000094a00000, 0x0000000094a00000| Untracked 
| 331|0x0000000094b00000, 0x0000000094c00000, 0x0000000094c00000|100%|HS|  |TAMS 0x0000000094b00000, 0x0000000094b00000| Complete 
| 332|0x0000000094c00000, 0x0000000094d00000, 0x0000000094d00000|100%|HC|  |TAMS 0x0000000094c00000, 0x0000000094c00000| Complete 
| 333|0x0000000094d00000, 0x0000000094e00000, 0x0000000094e00000|100%|HC|  |TAMS 0x0000000094d00000, 0x0000000094d00000| Complete 
| 334|0x0000000094e00000, 0x0000000094f00000, 0x0000000094f00000|100%|HS|  |TAMS 0x0000000094e00000, 0x0000000094e00000| Complete 
| 335|0x0000000094f00000, 0x0000000095000000, 0x0000000095000000|100%|HC|  |TAMS 0x0000000094f00000, 0x0000000094f00000| Complete 
| 336|0x0000000095000000, 0x0000000095100000, 0x0000000095100000|100%|HC|  |TAMS 0x0000000095000000, 0x0000000095000000| Complete 
| 337|0x0000000095100000, 0x0000000095200000, 0x0000000095200000|100%|HC|  |TAMS 0x0000000095100000, 0x0000000095100000| Complete 
| 338|0x0000000095200000, 0x0000000095300000, 0x0000000095300000|100%|HC|  |TAMS 0x0000000095200000, 0x0000000095200000| Complete 
| 339|0x0000000095300000, 0x0000000095300000, 0x0000000095400000|  0%| F|  |TAMS 0x0000000095300000, 0x0000000095300000| Untracked 
| 340|0x0000000095400000, 0x0000000095400000, 0x0000000095500000|  0%| F|  |TAMS 0x0000000095400000, 0x0000000095400000| Untracked 
| 341|0x0000000095500000, 0x0000000095500000, 0x0000000095600000|  0%| F|  |TAMS 0x0000000095500000, 0x0000000095500000| Untracked 
| 342|0x0000000095600000, 0x0000000095600000, 0x0000000095700000|  0%| F|  |TAMS 0x0000000095600000, 0x0000000095600000| Untracked 
| 343|0x0000000095700000, 0x0000000095700000, 0x0000000095800000|  0%| F|  |TAMS 0x0000000095700000, 0x0000000095700000| Untracked 
| 344|0x0000000095800000, 0x0000000095800000, 0x0000000095900000|  0%| F|  |TAMS 0x0000000095800000, 0x0000000095800000| Untracked 
| 345|0x0000000095900000, 0x0000000095900000, 0x0000000095a00000|  0%| F|  |TAMS 0x0000000095900000, 0x0000000095900000| Untracked 
| 346|0x0000000095a00000, 0x0000000095a00000, 0x0000000095b00000|  0%| F|  |TAMS 0x0000000095a00000, 0x0000000095a00000| Untracked 
| 347|0x0000000095b00000, 0x0000000095b00000, 0x0000000095c00000|  0%| F|  |TAMS 0x0000000095b00000, 0x0000000095b00000| Untracked 
| 348|0x0000000095c00000, 0x0000000095c00000, 0x0000000095d00000|  0%| F|  |TAMS 0x0000000095c00000, 0x0000000095c00000| Untracked 
| 349|0x0000000095d00000, 0x0000000095d00000, 0x0000000095e00000|  0%| F|  |TAMS 0x0000000095d00000, 0x0000000095d00000| Untracked 
| 350|0x0000000095e00000, 0x0000000095e00000, 0x0000000095f00000|  0%| F|  |TAMS 0x0000000095e00000, 0x0000000095e00000| Untracked 
| 351|0x0000000095f00000, 0x0000000095f00000, 0x0000000096000000|  0%| F|  |TAMS 0x0000000095f00000, 0x0000000095f00000| Untracked 
| 352|0x0000000096000000, 0x0000000096000000, 0x0000000096100000|  0%| F|  |TAMS 0x0000000096000000, 0x0000000096000000| Untracked 
| 353|0x0000000096100000, 0x0000000096100000, 0x0000000096200000|  0%| F|  |TAMS 0x0000000096100000, 0x0000000096100000| Untracked 
| 354|0x0000000096200000, 0x0000000096200000, 0x0000000096300000|  0%| F|  |TAMS 0x0000000096200000, 0x0000000096200000| Untracked 
| 355|0x0000000096300000, 0x0000000096300000, 0x0000000096400000|  0%| F|  |TAMS 0x0000000096300000, 0x0000000096300000| Untracked 
| 356|0x0000000096400000, 0x0000000096400000, 0x0000000096500000|  0%| F|  |TAMS 0x0000000096400000, 0x0000000096400000| Untracked 
| 357|0x0000000096500000, 0x0000000096500000, 0x0000000096600000|  0%| F|  |TAMS 0x0000000096500000, 0x0000000096500000| Untracked 
| 358|0x0000000096600000, 0x0000000096600000, 0x0000000096700000|  0%| F|  |TAMS 0x0000000096600000, 0x0000000096600000| Untracked 
| 359|0x0000000096700000, 0x0000000096700000, 0x0000000096800000|  0%| F|  |TAMS 0x0000000096700000, 0x0000000096700000| Untracked 
| 360|0x0000000096800000, 0x0000000096800000, 0x0000000096900000|  0%| F|  |TAMS 0x0000000096800000, 0x0000000096800000| Untracked 
| 361|0x0000000096900000, 0x0000000096900000, 0x0000000096a00000|  0%| F|  |TAMS 0x0000000096900000, 0x0000000096900000| Untracked 
| 362|0x0000000096a00000, 0x0000000096a00000, 0x0000000096b00000|  0%| F|  |TAMS 0x0000000096a00000, 0x0000000096a00000| Untracked 
| 363|0x0000000096b00000, 0x0000000096b00000, 0x0000000096c00000|  0%| F|  |TAMS 0x0000000096b00000, 0x0000000096b00000| Untracked 
| 364|0x0000000096c00000, 0x0000000096c00000, 0x0000000096d00000|  0%| F|  |TAMS 0x0000000096c00000, 0x0000000096c00000| Untracked 
| 365|0x0000000096d00000, 0x0000000096d00000, 0x0000000096e00000|  0%| F|  |TAMS 0x0000000096d00000, 0x0000000096d00000| Untracked 
| 366|0x0000000096e00000, 0x0000000096e00000, 0x0000000096f00000|  0%| F|  |TAMS 0x0000000096e00000, 0x0000000096e00000| Untracked 
| 367|0x0000000096f00000, 0x0000000096f00000, 0x0000000097000000|  0%| F|  |TAMS 0x0000000096f00000, 0x0000000096f00000| Untracked 
| 368|0x0000000097000000, 0x0000000097000000, 0x0000000097100000|  0%| F|  |TAMS 0x0000000097000000, 0x0000000097000000| Untracked 
| 369|0x0000000097100000, 0x0000000097100000, 0x0000000097200000|  0%| F|  |TAMS 0x0000000097100000, 0x0000000097100000| Untracked 
| 370|0x0000000097200000, 0x0000000097200000, 0x0000000097300000|  0%| F|  |TAMS 0x0000000097200000, 0x0000000097200000| Untracked 
| 371|0x0000000097300000, 0x0000000097300000, 0x0000000097400000|  0%| F|  |TAMS 0x0000000097300000, 0x0000000097300000| Untracked 
| 372|0x0000000097400000, 0x0000000097400000, 0x0000000097500000|  0%| F|  |TAMS 0x0000000097400000, 0x0000000097400000| Untracked 
| 373|0x0000000097500000, 0x0000000097500000, 0x0000000097600000|  0%| F|  |TAMS 0x0000000097500000, 0x0000000097500000| Untracked 
| 374|0x0000000097600000, 0x0000000097600000, 0x0000000097700000|  0%| F|  |TAMS 0x0000000097600000, 0x0000000097600000| Untracked 
| 375|0x0000000097700000, 0x0000000097700000, 0x0000000097800000|  0%| F|  |TAMS 0x0000000097700000, 0x0000000097700000| Untracked 
| 376|0x0000000097800000, 0x0000000097800000, 0x0000000097900000|  0%| F|  |TAMS 0x0000000097800000, 0x0000000097800000| Untracked 
| 377|0x0000000097900000, 0x0000000097900000, 0x0000000097a00000|  0%| F|  |TAMS 0x0000000097900000, 0x0000000097900000| Untracked 
| 378|0x0000000097a00000, 0x0000000097a00000, 0x0000000097b00000|  0%| F|  |TAMS 0x0000000097a00000, 0x0000000097a00000| Untracked 
| 379|0x0000000097b00000, 0x0000000097b00000, 0x0000000097c00000|  0%| F|  |TAMS 0x0000000097b00000, 0x0000000097b00000| Untracked 
| 380|0x0000000097c00000, 0x0000000097c00000, 0x0000000097d00000|  0%| F|  |TAMS 0x0000000097c00000, 0x0000000097c00000| Untracked 
| 381|0x0000000097d00000, 0x0000000097d00000, 0x0000000097e00000|  0%| F|  |TAMS 0x0000000097d00000, 0x0000000097d00000| Untracked 
| 382|0x0000000097e00000, 0x0000000097e00000, 0x0000000097f00000|  0%| F|  |TAMS 0x0000000097e00000, 0x0000000097e00000| Untracked 
| 383|0x0000000097f00000, 0x0000000097f00000, 0x0000000098000000|  0%| F|  |TAMS 0x0000000097f00000, 0x0000000097f00000| Untracked 
| 384|0x0000000098000000, 0x0000000098000000, 0x0000000098100000|  0%| F|  |TAMS 0x0000000098000000, 0x0000000098000000| Untracked 
| 385|0x0000000098100000, 0x0000000098100000, 0x0000000098200000|  0%| F|  |TAMS 0x0000000098100000, 0x0000000098100000| Untracked 
| 386|0x0000000098200000, 0x0000000098200000, 0x0000000098300000|  0%| F|  |TAMS 0x0000000098200000, 0x0000000098200000| Untracked 
| 387|0x0000000098300000, 0x0000000098300000, 0x0000000098400000|  0%| F|  |TAMS 0x0000000098300000, 0x0000000098300000| Untracked 
| 388|0x0000000098400000, 0x0000000098400000, 0x0000000098500000|  0%| F|  |TAMS 0x0000000098400000, 0x0000000098400000| Untracked 
| 389|0x0000000098500000, 0x0000000098500000, 0x0000000098600000|  0%| F|  |TAMS 0x0000000098500000, 0x0000000098500000| Untracked 
| 390|0x0000000098600000, 0x0000000098600000, 0x0000000098700000|  0%| F|  |TAMS 0x0000000098600000, 0x0000000098600000| Untracked 
| 391|0x0000000098700000, 0x0000000098700000, 0x0000000098800000|  0%| F|  |TAMS 0x0000000098700000, 0x0000000098700000| Untracked 
| 392|0x0000000098800000, 0x0000000098800000, 0x0000000098900000|  0%| F|  |TAMS 0x0000000098800000, 0x0000000098800000| Untracked 
| 393|0x0000000098900000, 0x0000000098900000, 0x0000000098a00000|  0%| F|  |TAMS 0x0000000098900000, 0x0000000098900000| Untracked 
| 394|0x0000000098a00000, 0x0000000098a00000, 0x0000000098b00000|  0%| F|  |TAMS 0x0000000098a00000, 0x0000000098a00000| Untracked 
| 395|0x0000000098b00000, 0x0000000098b00000, 0x0000000098c00000|  0%| F|  |TAMS 0x0000000098b00000, 0x0000000098b00000| Untracked 
| 396|0x0000000098c00000, 0x0000000098c00000, 0x0000000098d00000|  0%| F|  |TAMS 0x0000000098c00000, 0x0000000098c00000| Untracked 
| 397|0x0000000098d00000, 0x0000000098d00000, 0x0000000098e00000|  0%| F|  |TAMS 0x0000000098d00000, 0x0000000098d00000| Untracked 
| 398|0x0000000098e00000, 0x0000000098e00000, 0x0000000098f00000|  0%| F|  |TAMS 0x0000000098e00000, 0x0000000098e00000| Untracked 
| 399|0x0000000098f00000, 0x0000000098f00000, 0x0000000099000000|  0%| F|  |TAMS 0x0000000098f00000, 0x0000000098f00000| Untracked 
| 400|0x0000000099000000, 0x0000000099000000, 0x0000000099100000|  0%| F|  |TAMS 0x0000000099000000, 0x0000000099000000| Untracked 
| 401|0x0000000099100000, 0x0000000099100000, 0x0000000099200000|  0%| F|  |TAMS 0x0000000099100000, 0x0000000099100000| Untracked 
| 402|0x0000000099200000, 0x0000000099200000, 0x0000000099300000|  0%| F|  |TAMS 0x0000000099200000, 0x0000000099200000| Untracked 
| 403|0x0000000099300000, 0x0000000099300000, 0x0000000099400000|  0%| F|  |TAMS 0x0000000099300000, 0x0000000099300000| Untracked 
| 404|0x0000000099400000, 0x0000000099400000, 0x0000000099500000|  0%| F|  |TAMS 0x0000000099400000, 0x0000000099400000| Untracked 
| 405|0x0000000099500000, 0x0000000099500000, 0x0000000099600000|  0%| F|  |TAMS 0x0000000099500000, 0x0000000099500000| Untracked 
| 406|0x0000000099600000, 0x0000000099600000, 0x0000000099700000|  0%| F|  |TAMS 0x0000000099600000, 0x0000000099600000| Untracked 
| 407|0x0000000099700000, 0x0000000099700000, 0x0000000099800000|  0%| F|  |TAMS 0x0000000099700000, 0x0000000099700000| Untracked 
| 408|0x0000000099800000, 0x0000000099800000, 0x0000000099900000|  0%| F|  |TAMS 0x0000000099800000, 0x0000000099800000| Untracked 
| 409|0x0000000099900000, 0x0000000099900000, 0x0000000099a00000|  0%| F|  |TAMS 0x0000000099900000, 0x0000000099900000| Untracked 
| 410|0x0000000099a00000, 0x0000000099a00000, 0x0000000099b00000|  0%| F|  |TAMS 0x0000000099a00000, 0x0000000099a00000| Untracked 
| 411|0x0000000099b00000, 0x0000000099b00000, 0x0000000099c00000|  0%| F|  |TAMS 0x0000000099b00000, 0x0000000099b00000| Untracked 
| 412|0x0000000099c00000, 0x0000000099cff3e0, 0x0000000099d00000| 99%| S|CS|TAMS 0x0000000099c00000, 0x0000000099c00000| Complete 
| 413|0x0000000099d00000, 0x0000000099e00000, 0x0000000099e00000|100%| S|CS|TAMS 0x0000000099d00000, 0x0000000099d00000| Complete 
| 414|0x0000000099e00000, 0x0000000099f00000, 0x0000000099f00000|100%| S|CS|TAMS 0x0000000099e00000, 0x0000000099e00000| Complete 
| 415|0x0000000099f00000, 0x0000000099f00000, 0x000000009a000000|  0%| F|  |TAMS 0x0000000099f00000, 0x0000000099f00000| Untracked 
| 416|0x000000009a000000, 0x000000009a000000, 0x000000009a100000|  0%| F|  |TAMS 0x000000009a000000, 0x000000009a000000| Untracked 
| 417|0x000000009a100000, 0x000000009a100000, 0x000000009a200000|  0%| F|  |TAMS 0x000000009a100000, 0x000000009a100000| Untracked 
| 418|0x000000009a200000, 0x000000009a200000, 0x000000009a300000|  0%| F|  |TAMS 0x000000009a200000, 0x000000009a200000| Untracked 
| 419|0x000000009a300000, 0x000000009a300000, 0x000000009a400000|  0%| F|  |TAMS 0x000000009a300000, 0x000000009a300000| Untracked 
| 420|0x000000009a400000, 0x000000009a500000, 0x000000009a500000|100%| S|CS|TAMS 0x000000009a400000, 0x000000009a400000| Complete 
| 421|0x000000009a500000, 0x000000009a600000, 0x000000009a600000|100%| S|CS|TAMS 0x000000009a500000, 0x000000009a500000| Complete 
| 422|0x000000009a600000, 0x000000009a700000, 0x000000009a700000|100%| S|CS|TAMS 0x000000009a600000, 0x000000009a600000| Complete 
| 423|0x000000009a700000, 0x000000009a800000, 0x000000009a800000|100%| S|CS|TAMS 0x000000009a700000, 0x000000009a700000| Complete 
| 424|0x000000009a800000, 0x000000009a900000, 0x000000009a900000|100%| S|CS|TAMS 0x000000009a800000, 0x000000009a800000| Complete 
| 425|0x000000009a900000, 0x000000009aa00000, 0x000000009aa00000|100%| S|CS|TAMS 0x000000009a900000, 0x000000009a900000| Complete 
| 426|0x000000009aa00000, 0x000000009ab00000, 0x000000009ab00000|100%| S|CS|TAMS 0x000000009aa00000, 0x000000009aa00000| Complete 
| 427|0x000000009ab00000, 0x000000009ac00000, 0x000000009ac00000|100%| S|CS|TAMS 0x000000009ab00000, 0x000000009ab00000| Complete 
| 428|0x000000009ac00000, 0x000000009ad00000, 0x000000009ad00000|100%| S|CS|TAMS 0x000000009ac00000, 0x000000009ac00000| Complete 
| 429|0x000000009ad00000, 0x000000009ad00000, 0x000000009ae00000|  0%| F|  |TAMS 0x000000009ad00000, 0x000000009ad00000| Untracked 
| 430|0x000000009ae00000, 0x000000009af00000, 0x000000009af00000|100%| S|CS|TAMS 0x000000009ae00000, 0x000000009ae00000| Complete 
| 431|0x000000009af00000, 0x000000009b000000, 0x000000009b000000|100%| S|CS|TAMS 0x000000009af00000, 0x000000009af00000| Complete 
| 432|0x000000009b000000, 0x000000009b100000, 0x000000009b100000|100%| S|CS|TAMS 0x000000009b000000, 0x000000009b000000| Complete 
| 433|0x000000009b100000, 0x000000009b200000, 0x000000009b200000|100%| S|CS|TAMS 0x000000009b100000, 0x000000009b100000| Complete 
| 434|0x000000009b200000, 0x000000009b200000, 0x000000009b300000|  0%| F|  |TAMS 0x000000009b200000, 0x000000009b200000| Untracked 
| 435|0x000000009b300000, 0x000000009b300000, 0x000000009b400000|  0%| F|  |TAMS 0x000000009b300000, 0x000000009b300000| Untracked 
| 436|0x000000009b400000, 0x000000009b400000, 0x000000009b500000|  0%| F|  |TAMS 0x000000009b400000, 0x000000009b400000| Untracked 
| 437|0x000000009b500000, 0x000000009b500000, 0x000000009b600000|  0%| F|  |TAMS 0x000000009b500000, 0x000000009b500000| Untracked 
| 438|0x000000009b600000, 0x000000009b600000, 0x000000009b700000|  0%| F|  |TAMS 0x000000009b600000, 0x000000009b600000| Untracked 
| 439|0x000000009b700000, 0x000000009b700000, 0x000000009b800000|  0%| F|  |TAMS 0x000000009b700000, 0x000000009b700000| Untracked 
| 440|0x000000009b800000, 0x000000009b800000, 0x000000009b900000|  0%| F|  |TAMS 0x000000009b800000, 0x000000009b800000| Untracked 
| 441|0x000000009b900000, 0x000000009b900000, 0x000000009ba00000|  0%| F|  |TAMS 0x000000009b900000, 0x000000009b900000| Untracked 
| 442|0x000000009ba00000, 0x000000009bb00000, 0x000000009bb00000|100%| S|CS|TAMS 0x000000009ba00000, 0x000000009ba00000| Complete 
| 443|0x000000009bb00000, 0x000000009bc00000, 0x000000009bc00000|100%| S|CS|TAMS 0x000000009bb00000, 0x000000009bb00000| Complete 
| 444|0x000000009bc00000, 0x000000009bd00000, 0x000000009bd00000|100%| S|CS|TAMS 0x000000009bc00000, 0x000000009bc00000| Complete 
| 445|0x000000009bd00000, 0x000000009be00000, 0x000000009be00000|100%| S|CS|TAMS 0x000000009bd00000, 0x000000009bd00000| Complete 
| 446|0x000000009be00000, 0x000000009be00000, 0x000000009bf00000|  0%| F|  |TAMS 0x000000009be00000, 0x000000009be00000| Untracked 
| 447|0x000000009bf00000, 0x000000009bf00000, 0x000000009c000000|  0%| F|  |TAMS 0x000000009bf00000, 0x000000009bf00000| Untracked 
| 448|0x000000009c000000, 0x000000009c000000, 0x000000009c100000|  0%| F|  |TAMS 0x000000009c000000, 0x000000009c000000| Untracked 
| 449|0x000000009c100000, 0x000000009c100000, 0x000000009c200000|  0%| F|  |TAMS 0x000000009c100000, 0x000000009c100000| Untracked 
| 450|0x000000009c200000, 0x000000009c200000, 0x000000009c300000|  0%| F|  |TAMS 0x000000009c200000, 0x000000009c200000| Untracked 
| 451|0x000000009c300000, 0x000000009c300000, 0x000000009c400000|  0%| F|  |TAMS 0x000000009c300000, 0x000000009c300000| Untracked 
| 452|0x000000009c400000, 0x000000009c400000, 0x000000009c500000|  0%| F|  |TAMS 0x000000009c400000, 0x000000009c400000| Untracked 
| 453|0x000000009c500000, 0x000000009c500000, 0x000000009c600000|  0%| F|  |TAMS 0x000000009c500000, 0x000000009c500000| Untracked 
| 454|0x000000009c600000, 0x000000009c600000, 0x000000009c700000|  0%| F|  |TAMS 0x000000009c600000, 0x000000009c600000| Untracked 
| 455|0x000000009c700000, 0x000000009c700000, 0x000000009c800000|  0%| F|  |TAMS 0x000000009c700000, 0x000000009c700000| Untracked 
| 456|0x000000009c800000, 0x000000009c800000, 0x000000009c900000|  0%| F|  |TAMS 0x000000009c800000, 0x000000009c800000| Untracked 
| 457|0x000000009c900000, 0x000000009c900000, 0x000000009ca00000|  0%| F|  |TAMS 0x000000009c900000, 0x000000009c900000| Untracked 
| 458|0x000000009ca00000, 0x000000009ca00000, 0x000000009cb00000|  0%| F|  |TAMS 0x000000009ca00000, 0x000000009ca00000| Untracked 
| 459|0x000000009cb00000, 0x000000009cb00000, 0x000000009cc00000|  0%| F|  |TAMS 0x000000009cb00000, 0x000000009cb00000| Untracked 
| 460|0x000000009cc00000, 0x000000009cc00000, 0x000000009cd00000|  0%| F|  |TAMS 0x000000009cc00000, 0x000000009cc00000| Untracked 
| 461|0x000000009cd00000, 0x000000009cd00000, 0x000000009ce00000|  0%| F|  |TAMS 0x000000009cd00000, 0x000000009cd00000| Untracked 
| 462|0x000000009ce00000, 0x000000009ce00000, 0x000000009cf00000|  0%| F|  |TAMS 0x000000009ce00000, 0x000000009ce00000| Untracked 
| 463|0x000000009cf00000, 0x000000009cf00000, 0x000000009d000000|  0%| F|  |TAMS 0x000000009cf00000, 0x000000009cf00000| Untracked 
| 464|0x000000009d000000, 0x000000009d000000, 0x000000009d100000|  0%| F|  |TAMS 0x000000009d000000, 0x000000009d000000| Untracked 
| 465|0x000000009d100000, 0x000000009d100000, 0x000000009d200000|  0%| F|  |TAMS 0x000000009d100000, 0x000000009d100000| Untracked 
| 466|0x000000009d200000, 0x000000009d200000, 0x000000009d300000|  0%| F|  |TAMS 0x000000009d200000, 0x000000009d200000| Untracked 
| 467|0x000000009d300000, 0x000000009d300000, 0x000000009d400000|  0%| F|  |TAMS 0x000000009d300000, 0x000000009d300000| Untracked 
| 468|0x000000009d400000, 0x000000009d400000, 0x000000009d500000|  0%| F|  |TAMS 0x000000009d400000, 0x000000009d400000| Untracked 
| 469|0x000000009d500000, 0x000000009d500000, 0x000000009d600000|  0%| F|  |TAMS 0x000000009d500000, 0x000000009d500000| Untracked 
| 470|0x000000009d600000, 0x000000009d600000, 0x000000009d700000|  0%| F|  |TAMS 0x000000009d600000, 0x000000009d600000| Untracked 
| 471|0x000000009d700000, 0x000000009d700000, 0x000000009d800000|  0%| F|  |TAMS 0x000000009d700000, 0x000000009d700000| Untracked 
| 472|0x000000009d800000, 0x000000009d800000, 0x000000009d900000|  0%| F|  |TAMS 0x000000009d800000, 0x000000009d800000| Untracked 
| 473|0x000000009d900000, 0x000000009d900000, 0x000000009da00000|  0%| F|  |TAMS 0x000000009d900000, 0x000000009d900000| Untracked 
| 474|0x000000009da00000, 0x000000009da00000, 0x000000009db00000|  0%| F|  |TAMS 0x000000009da00000, 0x000000009da00000| Untracked 
| 475|0x000000009db00000, 0x000000009db00000, 0x000000009dc00000|  0%| F|  |TAMS 0x000000009db00000, 0x000000009db00000| Untracked 
| 476|0x000000009dc00000, 0x000000009dc00000, 0x000000009dd00000|  0%| F|  |TAMS 0x000000009dc00000, 0x000000009dc00000| Untracked 
| 477|0x000000009dd00000, 0x000000009dd00000, 0x000000009de00000|  0%| F|  |TAMS 0x000000009dd00000, 0x000000009dd00000| Untracked 
| 478|0x000000009de00000, 0x000000009de00000, 0x000000009df00000|  0%| F|  |TAMS 0x000000009de00000, 0x000000009de00000| Untracked 
| 479|0x000000009df00000, 0x000000009df00000, 0x000000009e000000|  0%| F|  |TAMS 0x000000009df00000, 0x000000009df00000| Untracked 
| 480|0x000000009e000000, 0x000000009e000000, 0x000000009e100000|  0%| F|  |TAMS 0x000000009e000000, 0x000000009e000000| Untracked 
| 481|0x000000009e100000, 0x000000009e100000, 0x000000009e200000|  0%| F|  |TAMS 0x000000009e100000, 0x000000009e100000| Untracked 
| 482|0x000000009e200000, 0x000000009e200000, 0x000000009e300000|  0%| F|  |TAMS 0x000000009e200000, 0x000000009e200000| Untracked 
| 483|0x000000009e300000, 0x000000009e300000, 0x000000009e400000|  0%| F|  |TAMS 0x000000009e300000, 0x000000009e300000| Untracked 
| 484|0x000000009e400000, 0x000000009e400000, 0x000000009e500000|  0%| F|  |TAMS 0x000000009e400000, 0x000000009e400000| Untracked 
| 485|0x000000009e500000, 0x000000009e500000, 0x000000009e600000|  0%| F|  |TAMS 0x000000009e500000, 0x000000009e500000| Untracked 
| 486|0x000000009e600000, 0x000000009e600000, 0x000000009e700000|  0%| F|  |TAMS 0x000000009e600000, 0x000000009e600000| Untracked 
| 487|0x000000009e700000, 0x000000009e700000, 0x000000009e800000|  0%| F|  |TAMS 0x000000009e700000, 0x000000009e700000| Untracked 
| 488|0x000000009e800000, 0x000000009e800000, 0x000000009e900000|  0%| F|  |TAMS 0x000000009e800000, 0x000000009e800000| Untracked 
| 489|0x000000009e900000, 0x000000009e900000, 0x000000009ea00000|  0%| F|  |TAMS 0x000000009e900000, 0x000000009e900000| Untracked 
| 490|0x000000009ea00000, 0x000000009ea00000, 0x000000009eb00000|  0%| F|  |TAMS 0x000000009ea00000, 0x000000009ea00000| Untracked 
| 491|0x000000009eb00000, 0x000000009eb00000, 0x000000009ec00000|  0%| F|  |TAMS 0x000000009eb00000, 0x000000009eb00000| Untracked 
| 492|0x000000009ec00000, 0x000000009ec00000, 0x000000009ed00000|  0%| F|  |TAMS 0x000000009ec00000, 0x000000009ec00000| Untracked 
| 493|0x000000009ed00000, 0x000000009ed00000, 0x000000009ee00000|  0%| F|  |TAMS 0x000000009ed00000, 0x000000009ed00000| Untracked 
| 494|0x000000009ee00000, 0x000000009ee00000, 0x000000009ef00000|  0%| F|  |TAMS 0x000000009ee00000, 0x000000009ee00000| Untracked 
| 495|0x000000009ef00000, 0x000000009ef00000, 0x000000009f000000|  0%| F|  |TAMS 0x000000009ef00000, 0x000000009ef00000| Untracked 
| 496|0x000000009f000000, 0x000000009f000000, 0x000000009f100000|  0%| F|  |TAMS 0x000000009f000000, 0x000000009f000000| Untracked 
| 497|0x000000009f100000, 0x000000009f100000, 0x000000009f200000|  0%| F|  |TAMS 0x000000009f100000, 0x000000009f100000| Untracked 
| 498|0x000000009f200000, 0x000000009f200000, 0x000000009f300000|  0%| F|  |TAMS 0x000000009f200000, 0x000000009f200000| Untracked 
| 499|0x000000009f300000, 0x000000009f300000, 0x000000009f400000|  0%| F|  |TAMS 0x000000009f300000, 0x000000009f300000| Untracked 
| 500|0x000000009f400000, 0x000000009f400000, 0x000000009f500000|  0%| F|  |TAMS 0x000000009f400000, 0x000000009f400000| Untracked 
| 501|0x000000009f500000, 0x000000009f500000, 0x000000009f600000|  0%| F|  |TAMS 0x000000009f500000, 0x000000009f500000| Untracked 
| 502|0x000000009f600000, 0x000000009f600000, 0x000000009f700000|  0%| F|  |TAMS 0x000000009f600000, 0x000000009f600000| Untracked 
| 503|0x000000009f700000, 0x000000009f700000, 0x000000009f800000|  0%| F|  |TAMS 0x000000009f700000, 0x000000009f700000| Untracked 
| 504|0x000000009f800000, 0x000000009f800000, 0x000000009f900000|  0%| F|  |TAMS 0x000000009f800000, 0x000000009f800000| Untracked 
| 505|0x000000009f900000, 0x000000009f900000, 0x000000009fa00000|  0%| F|  |TAMS 0x000000009f900000, 0x000000009f900000| Untracked 
| 506|0x000000009fa00000, 0x000000009fa00000, 0x000000009fb00000|  0%| F|  |TAMS 0x000000009fa00000, 0x000000009fa00000| Untracked 
| 507|0x000000009fb00000, 0x000000009fb00000, 0x000000009fc00000|  0%| F|  |TAMS 0x000000009fb00000, 0x000000009fb00000| Untracked 
| 508|0x000000009fc00000, 0x000000009fc00000, 0x000000009fd00000|  0%| F|  |TAMS 0x000000009fc00000, 0x000000009fc00000| Untracked 
| 509|0x000000009fd00000, 0x000000009fd00000, 0x000000009fe00000|  0%| F|  |TAMS 0x000000009fd00000, 0x000000009fd00000| Untracked 
| 510|0x000000009fe00000, 0x000000009fe00000, 0x000000009ff00000|  0%| F|  |TAMS 0x000000009fe00000, 0x000000009fe00000| Untracked 
| 511|0x000000009ff00000, 0x000000009ff00000, 0x00000000a0000000|  0%| F|  |TAMS 0x000000009ff00000, 0x000000009ff00000| Untracked 
| 512|0x00000000a0000000, 0x00000000a0000000, 0x00000000a0100000|  0%| F|  |TAMS 0x00000000a0000000, 0x00000000a0000000| Untracked 
| 513|0x00000000a0100000, 0x00000000a0100000, 0x00000000a0200000|  0%| F|  |TAMS 0x00000000a0100000, 0x00000000a0100000| Untracked 
| 514|0x00000000a0200000, 0x00000000a0200000, 0x00000000a0300000|  0%| F|  |TAMS 0x00000000a0200000, 0x00000000a0200000| Untracked 
| 515|0x00000000a0300000, 0x00000000a0300000, 0x00000000a0400000|  0%| F|  |TAMS 0x00000000a0300000, 0x00000000a0300000| Untracked 
| 516|0x00000000a0400000, 0x00000000a0400000, 0x00000000a0500000|  0%| F|  |TAMS 0x00000000a0400000, 0x00000000a0400000| Untracked 
| 517|0x00000000a0500000, 0x00000000a0500000, 0x00000000a0600000|  0%| F|  |TAMS 0x00000000a0500000, 0x00000000a0500000| Untracked 
| 518|0x00000000a0600000, 0x00000000a0600000, 0x00000000a0700000|  0%| F|  |TAMS 0x00000000a0600000, 0x00000000a0600000| Untracked 
| 519|0x00000000a0700000, 0x00000000a0700000, 0x00000000a0800000|  0%| F|  |TAMS 0x00000000a0700000, 0x00000000a0700000| Untracked 
| 520|0x00000000a0800000, 0x00000000a0800000, 0x00000000a0900000|  0%| F|  |TAMS 0x00000000a0800000, 0x00000000a0800000| Untracked 
| 521|0x00000000a0900000, 0x00000000a0900000, 0x00000000a0a00000|  0%| F|  |TAMS 0x00000000a0900000, 0x00000000a0900000| Untracked 
| 522|0x00000000a0a00000, 0x00000000a0a00000, 0x00000000a0b00000|  0%| F|  |TAMS 0x00000000a0a00000, 0x00000000a0a00000| Untracked 
| 523|0x00000000a0b00000, 0x00000000a0b00000, 0x00000000a0c00000|  0%| F|  |TAMS 0x00000000a0b00000, 0x00000000a0b00000| Untracked 
| 524|0x00000000a0c00000, 0x00000000a0c00000, 0x00000000a0d00000|  0%| F|  |TAMS 0x00000000a0c00000, 0x00000000a0c00000| Untracked 
| 525|0x00000000a0d00000, 0x00000000a0d00000, 0x00000000a0e00000|  0%| F|  |TAMS 0x00000000a0d00000, 0x00000000a0d00000| Untracked 
| 526|0x00000000a0e00000, 0x00000000a0e00000, 0x00000000a0f00000|  0%| F|  |TAMS 0x00000000a0e00000, 0x00000000a0e00000| Untracked 
| 527|0x00000000a0f00000, 0x00000000a0f00000, 0x00000000a1000000|  0%| F|  |TAMS 0x00000000a0f00000, 0x00000000a0f00000| Untracked 
| 528|0x00000000a1000000, 0x00000000a1000000, 0x00000000a1100000|  0%| F|  |TAMS 0x00000000a1000000, 0x00000000a1000000| Untracked 
| 529|0x00000000a1100000, 0x00000000a1100000, 0x00000000a1200000|  0%| F|  |TAMS 0x00000000a1100000, 0x00000000a1100000| Untracked 
| 530|0x00000000a1200000, 0x00000000a1200000, 0x00000000a1300000|  0%| F|  |TAMS 0x00000000a1200000, 0x00000000a1200000| Untracked 
| 531|0x00000000a1300000, 0x00000000a1300000, 0x00000000a1400000|  0%| F|  |TAMS 0x00000000a1300000, 0x00000000a1300000| Untracked 
| 532|0x00000000a1400000, 0x00000000a1400000, 0x00000000a1500000|  0%| F|  |TAMS 0x00000000a1400000, 0x00000000a1400000| Untracked 
| 533|0x00000000a1500000, 0x00000000a1500000, 0x00000000a1600000|  0%| F|  |TAMS 0x00000000a1500000, 0x00000000a1500000| Untracked 
| 534|0x00000000a1600000, 0x00000000a1600000, 0x00000000a1700000|  0%| F|  |TAMS 0x00000000a1600000, 0x00000000a1600000| Untracked 
| 535|0x00000000a1700000, 0x00000000a1700000, 0x00000000a1800000|  0%| F|  |TAMS 0x00000000a1700000, 0x00000000a1700000| Untracked 
| 536|0x00000000a1800000, 0x00000000a1800000, 0x00000000a1900000|  0%| F|  |TAMS 0x00000000a1800000, 0x00000000a1800000| Untracked 
| 537|0x00000000a1900000, 0x00000000a1900000, 0x00000000a1a00000|  0%| F|  |TAMS 0x00000000a1900000, 0x00000000a1900000| Untracked 
| 538|0x00000000a1a00000, 0x00000000a1a00000, 0x00000000a1b00000|  0%| F|  |TAMS 0x00000000a1a00000, 0x00000000a1a00000| Untracked 
| 539|0x00000000a1b00000, 0x00000000a1b00000, 0x00000000a1c00000|  0%| F|  |TAMS 0x00000000a1b00000, 0x00000000a1b00000| Untracked 
| 540|0x00000000a1c00000, 0x00000000a1c00000, 0x00000000a1d00000|  0%| F|  |TAMS 0x00000000a1c00000, 0x00000000a1c00000| Untracked 
| 541|0x00000000a1d00000, 0x00000000a1d00000, 0x00000000a1e00000|  0%| F|  |TAMS 0x00000000a1d00000, 0x00000000a1d00000| Untracked 
| 542|0x00000000a1e00000, 0x00000000a1e00000, 0x00000000a1f00000|  0%| F|  |TAMS 0x00000000a1e00000, 0x00000000a1e00000| Untracked 
| 543|0x00000000a1f00000, 0x00000000a1f00000, 0x00000000a2000000|  0%| F|  |TAMS 0x00000000a1f00000, 0x00000000a1f00000| Untracked 
| 544|0x00000000a2000000, 0x00000000a2000000, 0x00000000a2100000|  0%| F|  |TAMS 0x00000000a2000000, 0x00000000a2000000| Untracked 
| 545|0x00000000a2100000, 0x00000000a2100000, 0x00000000a2200000|  0%| F|  |TAMS 0x00000000a2100000, 0x00000000a2100000| Untracked 
| 546|0x00000000a2200000, 0x00000000a2200000, 0x00000000a2300000|  0%| F|  |TAMS 0x00000000a2200000, 0x00000000a2200000| Untracked 
| 547|0x00000000a2300000, 0x00000000a2300000, 0x00000000a2400000|  0%| F|  |TAMS 0x00000000a2300000, 0x00000000a2300000| Untracked 
| 548|0x00000000a2400000, 0x00000000a2400000, 0x00000000a2500000|  0%| F|  |TAMS 0x00000000a2400000, 0x00000000a2400000| Untracked 
| 549|0x00000000a2500000, 0x00000000a2500000, 0x00000000a2600000|  0%| F|  |TAMS 0x00000000a2500000, 0x00000000a2500000| Untracked 
| 550|0x00000000a2600000, 0x00000000a2600000, 0x00000000a2700000|  0%| F|  |TAMS 0x00000000a2600000, 0x00000000a2600000| Untracked 
| 551|0x00000000a2700000, 0x00000000a2700000, 0x00000000a2800000|  0%| F|  |TAMS 0x00000000a2700000, 0x00000000a2700000| Untracked 
| 552|0x00000000a2800000, 0x00000000a2800000, 0x00000000a2900000|  0%| F|  |TAMS 0x00000000a2800000, 0x00000000a2800000| Untracked 
| 553|0x00000000a2900000, 0x00000000a2900000, 0x00000000a2a00000|  0%| F|  |TAMS 0x00000000a2900000, 0x00000000a2900000| Untracked 
| 554|0x00000000a2a00000, 0x00000000a2a00000, 0x00000000a2b00000|  0%| F|  |TAMS 0x00000000a2a00000, 0x00000000a2a00000| Untracked 
| 555|0x00000000a2b00000, 0x00000000a2b00000, 0x00000000a2c00000|  0%| F|  |TAMS 0x00000000a2b00000, 0x00000000a2b00000| Untracked 
| 556|0x00000000a2c00000, 0x00000000a2c00000, 0x00000000a2d00000|  0%| F|  |TAMS 0x00000000a2c00000, 0x00000000a2c00000| Untracked 
| 557|0x00000000a2d00000, 0x00000000a2d00000, 0x00000000a2e00000|  0%| F|  |TAMS 0x00000000a2d00000, 0x00000000a2d00000| Untracked 
| 558|0x00000000a2e00000, 0x00000000a2e00000, 0x00000000a2f00000|  0%| F|  |TAMS 0x00000000a2e00000, 0x00000000a2e00000| Untracked 
| 559|0x00000000a2f00000, 0x00000000a2f00000, 0x00000000a3000000|  0%| F|  |TAMS 0x00000000a2f00000, 0x00000000a2f00000| Untracked 
| 560|0x00000000a3000000, 0x00000000a3000000, 0x00000000a3100000|  0%| F|  |TAMS 0x00000000a3000000, 0x00000000a3000000| Untracked 
| 561|0x00000000a3100000, 0x00000000a3100000, 0x00000000a3200000|  0%| F|  |TAMS 0x00000000a3100000, 0x00000000a3100000| Untracked 
| 562|0x00000000a3200000, 0x00000000a3200000, 0x00000000a3300000|  0%| F|  |TAMS 0x00000000a3200000, 0x00000000a3200000| Untracked 
| 563|0x00000000a3300000, 0x00000000a3300000, 0x00000000a3400000|  0%| F|  |TAMS 0x00000000a3300000, 0x00000000a3300000| Untracked 
| 564|0x00000000a3400000, 0x00000000a3400000, 0x00000000a3500000|  0%| F|  |TAMS 0x00000000a3400000, 0x00000000a3400000| Untracked 
| 565|0x00000000a3500000, 0x00000000a3500000, 0x00000000a3600000|  0%| F|  |TAMS 0x00000000a3500000, 0x00000000a3500000| Untracked 
| 566|0x00000000a3600000, 0x00000000a3600000, 0x00000000a3700000|  0%| F|  |TAMS 0x00000000a3600000, 0x00000000a3600000| Untracked 
| 567|0x00000000a3700000, 0x00000000a3700000, 0x00000000a3800000|  0%| F|  |TAMS 0x00000000a3700000, 0x00000000a3700000| Untracked 
| 568|0x00000000a3800000, 0x00000000a3800000, 0x00000000a3900000|  0%| F|  |TAMS 0x00000000a3800000, 0x00000000a3800000| Untracked 
| 569|0x00000000a3900000, 0x00000000a3900000, 0x00000000a3a00000|  0%| F|  |TAMS 0x00000000a3900000, 0x00000000a3900000| Untracked 
| 570|0x00000000a3a00000, 0x00000000a3a00000, 0x00000000a3b00000|  0%| F|  |TAMS 0x00000000a3a00000, 0x00000000a3a00000| Untracked 
| 571|0x00000000a3b00000, 0x00000000a3b00000, 0x00000000a3c00000|  0%| F|  |TAMS 0x00000000a3b00000, 0x00000000a3b00000| Untracked 
| 572|0x00000000a3c00000, 0x00000000a3c00000, 0x00000000a3d00000|  0%| F|  |TAMS 0x00000000a3c00000, 0x00000000a3c00000| Untracked 
| 573|0x00000000a3d00000, 0x00000000a3d00000, 0x00000000a3e00000|  0%| F|  |TAMS 0x00000000a3d00000, 0x00000000a3d00000| Untracked 
| 574|0x00000000a3e00000, 0x00000000a3e00000, 0x00000000a3f00000|  0%| F|  |TAMS 0x00000000a3e00000, 0x00000000a3e00000| Untracked 
| 575|0x00000000a3f00000, 0x00000000a3f00000, 0x00000000a4000000|  0%| F|  |TAMS 0x00000000a3f00000, 0x00000000a3f00000| Untracked 
| 576|0x00000000a4000000, 0x00000000a4000000, 0x00000000a4100000|  0%| F|  |TAMS 0x00000000a4000000, 0x00000000a4000000| Untracked 
| 577|0x00000000a4100000, 0x00000000a4100000, 0x00000000a4200000|  0%| F|  |TAMS 0x00000000a4100000, 0x00000000a4100000| Untracked 
| 578|0x00000000a4200000, 0x00000000a4200000, 0x00000000a4300000|  0%| F|  |TAMS 0x00000000a4200000, 0x00000000a4200000| Untracked 
| 579|0x00000000a4300000, 0x00000000a4300000, 0x00000000a4400000|  0%| F|  |TAMS 0x00000000a4300000, 0x00000000a4300000| Untracked 
| 580|0x00000000a4400000, 0x00000000a4400000, 0x00000000a4500000|  0%| F|  |TAMS 0x00000000a4400000, 0x00000000a4400000| Untracked 
| 581|0x00000000a4500000, 0x00000000a4500000, 0x00000000a4600000|  0%| F|  |TAMS 0x00000000a4500000, 0x00000000a4500000| Untracked 
| 582|0x00000000a4600000, 0x00000000a4600000, 0x00000000a4700000|  0%| F|  |TAMS 0x00000000a4600000, 0x00000000a4600000| Untracked 
| 583|0x00000000a4700000, 0x00000000a4700000, 0x00000000a4800000|  0%| F|  |TAMS 0x00000000a4700000, 0x00000000a4700000| Untracked 
| 584|0x00000000a4800000, 0x00000000a4800000, 0x00000000a4900000|  0%| F|  |TAMS 0x00000000a4800000, 0x00000000a4800000| Untracked 
| 585|0x00000000a4900000, 0x00000000a4900000, 0x00000000a4a00000|  0%| F|  |TAMS 0x00000000a4900000, 0x00000000a4900000| Untracked 
| 586|0x00000000a4a00000, 0x00000000a4a00000, 0x00000000a4b00000|  0%| F|  |TAMS 0x00000000a4a00000, 0x00000000a4a00000| Untracked 
| 587|0x00000000a4b00000, 0x00000000a4b00000, 0x00000000a4c00000|  0%| F|  |TAMS 0x00000000a4b00000, 0x00000000a4b00000| Untracked 
| 588|0x00000000a4c00000, 0x00000000a4c00000, 0x00000000a4d00000|  0%| F|  |TAMS 0x00000000a4c00000, 0x00000000a4c00000| Untracked 
| 589|0x00000000a4d00000, 0x00000000a4d00000, 0x00000000a4e00000|  0%| F|  |TAMS 0x00000000a4d00000, 0x00000000a4d00000| Untracked 
| 590|0x00000000a4e00000, 0x00000000a4e00000, 0x00000000a4f00000|  0%| F|  |TAMS 0x00000000a4e00000, 0x00000000a4e00000| Untracked 
| 591|0x00000000a4f00000, 0x00000000a4f00000, 0x00000000a5000000|  0%| F|  |TAMS 0x00000000a4f00000, 0x00000000a4f00000| Untracked 
| 592|0x00000000a5000000, 0x00000000a5000000, 0x00000000a5100000|  0%| F|  |TAMS 0x00000000a5000000, 0x00000000a5000000| Untracked 
| 593|0x00000000a5100000, 0x00000000a5100000, 0x00000000a5200000|  0%| F|  |TAMS 0x00000000a5100000, 0x00000000a5100000| Untracked 
| 594|0x00000000a5200000, 0x00000000a5200000, 0x00000000a5300000|  0%| F|  |TAMS 0x00000000a5200000, 0x00000000a5200000| Untracked 
| 595|0x00000000a5300000, 0x00000000a5300000, 0x00000000a5400000|  0%| F|  |TAMS 0x00000000a5300000, 0x00000000a5300000| Untracked 
| 596|0x00000000a5400000, 0x00000000a5400000, 0x00000000a5500000|  0%| F|  |TAMS 0x00000000a5400000, 0x00000000a5400000| Untracked 
| 597|0x00000000a5500000, 0x00000000a5500000, 0x00000000a5600000|  0%| F|  |TAMS 0x00000000a5500000, 0x00000000a5500000| Untracked 
| 598|0x00000000a5600000, 0x00000000a5600000, 0x00000000a5700000|  0%| F|  |TAMS 0x00000000a5600000, 0x00000000a5600000| Untracked 
| 599|0x00000000a5700000, 0x00000000a5700000, 0x00000000a5800000|  0%| F|  |TAMS 0x00000000a5700000, 0x00000000a5700000| Untracked 
| 600|0x00000000a5800000, 0x00000000a5800000, 0x00000000a5900000|  0%| F|  |TAMS 0x00000000a5800000, 0x00000000a5800000| Untracked 
| 601|0x00000000a5900000, 0x00000000a5900000, 0x00000000a5a00000|  0%| F|  |TAMS 0x00000000a5900000, 0x00000000a5900000| Untracked 
| 602|0x00000000a5a00000, 0x00000000a5a00000, 0x00000000a5b00000|  0%| F|  |TAMS 0x00000000a5a00000, 0x00000000a5a00000| Untracked 
| 603|0x00000000a5b00000, 0x00000000a5b00000, 0x00000000a5c00000|  0%| F|  |TAMS 0x00000000a5b00000, 0x00000000a5b00000| Untracked 
| 604|0x00000000a5c00000, 0x00000000a5c00000, 0x00000000a5d00000|  0%| F|  |TAMS 0x00000000a5c00000, 0x00000000a5c00000| Untracked 
| 605|0x00000000a5d00000, 0x00000000a5d00000, 0x00000000a5e00000|  0%| F|  |TAMS 0x00000000a5d00000, 0x00000000a5d00000| Untracked 
| 606|0x00000000a5e00000, 0x00000000a5e00000, 0x00000000a5f00000|  0%| F|  |TAMS 0x00000000a5e00000, 0x00000000a5e00000| Untracked 
| 607|0x00000000a5f00000, 0x00000000a5f00000, 0x00000000a6000000|  0%| F|  |TAMS 0x00000000a5f00000, 0x00000000a5f00000| Untracked 
| 608|0x00000000a6000000, 0x00000000a6000000, 0x00000000a6100000|  0%| F|  |TAMS 0x00000000a6000000, 0x00000000a6000000| Untracked 
| 609|0x00000000a6100000, 0x00000000a6100000, 0x00000000a6200000|  0%| F|  |TAMS 0x00000000a6100000, 0x00000000a6100000| Untracked 
| 610|0x00000000a6200000, 0x00000000a6292d88, 0x00000000a6300000| 57%| E|  |TAMS 0x00000000a6200000, 0x00000000a6200000| Complete 
| 611|0x00000000a6300000, 0x00000000a6400000, 0x00000000a6400000|100%| E|CS|TAMS 0x00000000a6300000, 0x00000000a6300000| Complete 
| 612|0x00000000a6400000, 0x00000000a6500000, 0x00000000a6500000|100%| E|CS|TAMS 0x00000000a6400000, 0x00000000a6400000| Complete 
| 613|0x00000000a6500000, 0x00000000a6600000, 0x00000000a6600000|100%| E|CS|TAMS 0x00000000a6500000, 0x00000000a6500000| Complete 
| 614|0x00000000a6600000, 0x00000000a6700000, 0x00000000a6700000|100%| E|CS|TAMS 0x00000000a6600000, 0x00000000a6600000| Complete 
| 615|0x00000000a6700000, 0x00000000a6800000, 0x00000000a6800000|100%| E|CS|TAMS 0x00000000a6700000, 0x00000000a6700000| Complete 
| 616|0x00000000a6800000, 0x00000000a6900000, 0x00000000a6900000|100%| E|CS|TAMS 0x00000000a6800000, 0x00000000a6800000| Complete 
| 617|0x00000000a6900000, 0x00000000a6a00000, 0x00000000a6a00000|100%| E|CS|TAMS 0x00000000a6900000, 0x00000000a6900000| Complete 
| 618|0x00000000a6a00000, 0x00000000a6b00000, 0x00000000a6b00000|100%| E|CS|TAMS 0x00000000a6a00000, 0x00000000a6a00000| Complete 
| 619|0x00000000a6b00000, 0x00000000a6c00000, 0x00000000a6c00000|100%| E|CS|TAMS 0x00000000a6b00000, 0x00000000a6b00000| Complete 
| 620|0x00000000a6c00000, 0x00000000a6d00000, 0x00000000a6d00000|100%| E|CS|TAMS 0x00000000a6c00000, 0x00000000a6c00000| Complete 
| 621|0x00000000a6d00000, 0x00000000a6e00000, 0x00000000a6e00000|100%| E|CS|TAMS 0x00000000a6d00000, 0x00000000a6d00000| Complete 
| 622|0x00000000a6e00000, 0x00000000a6f00000, 0x00000000a6f00000|100%| E|CS|TAMS 0x00000000a6e00000, 0x00000000a6e00000| Complete 
| 623|0x00000000a6f00000, 0x00000000a7000000, 0x00000000a7000000|100%| E|CS|TAMS 0x00000000a6f00000, 0x00000000a6f00000| Complete 
| 624|0x00000000a7000000, 0x00000000a7100000, 0x00000000a7100000|100%| E|CS|TAMS 0x00000000a7000000, 0x00000000a7000000| Complete 
| 625|0x00000000a7100000, 0x00000000a7200000, 0x00000000a7200000|100%| E|CS|TAMS 0x00000000a7100000, 0x00000000a7100000| Complete 
| 626|0x00000000a7200000, 0x00000000a7300000, 0x00000000a7300000|100%| E|CS|TAMS 0x00000000a7200000, 0x00000000a7200000| Complete 
| 627|0x00000000a7300000, 0x00000000a7400000, 0x00000000a7400000|100%| E|CS|TAMS 0x00000000a7300000, 0x00000000a7300000| Complete 
| 628|0x00000000a7400000, 0x00000000a7500000, 0x00000000a7500000|100%| E|CS|TAMS 0x00000000a7400000, 0x00000000a7400000| Complete 
| 629|0x00000000a7500000, 0x00000000a7600000, 0x00000000a7600000|100%| E|CS|TAMS 0x00000000a7500000, 0x00000000a7500000| Complete 
| 630|0x00000000a7600000, 0x00000000a7700000, 0x00000000a7700000|100%| E|CS|TAMS 0x00000000a7600000, 0x00000000a7600000| Complete 
| 631|0x00000000a7700000, 0x00000000a7800000, 0x00000000a7800000|100%| E|CS|TAMS 0x00000000a7700000, 0x00000000a7700000| Complete 
| 632|0x00000000a7800000, 0x00000000a7900000, 0x00000000a7900000|100%| E|CS|TAMS 0x00000000a7800000, 0x00000000a7800000| Complete 
| 633|0x00000000a7900000, 0x00000000a7a00000, 0x00000000a7a00000|100%| E|CS|TAMS 0x00000000a7900000, 0x00000000a7900000| Complete 
| 634|0x00000000a7a00000, 0x00000000a7b00000, 0x00000000a7b00000|100%| E|CS|TAMS 0x00000000a7a00000, 0x00000000a7a00000| Complete 
| 635|0x00000000a7b00000, 0x00000000a7c00000, 0x00000000a7c00000|100%| E|CS|TAMS 0x00000000a7b00000, 0x00000000a7b00000| Complete 
| 636|0x00000000a7c00000, 0x00000000a7d00000, 0x00000000a7d00000|100%| E|CS|TAMS 0x00000000a7c00000, 0x00000000a7c00000| Complete 
| 637|0x00000000a7d00000, 0x00000000a7e00000, 0x00000000a7e00000|100%| E|CS|TAMS 0x00000000a7d00000, 0x00000000a7d00000| Complete 
| 638|0x00000000a7e00000, 0x00000000a7f00000, 0x00000000a7f00000|100%| E|CS|TAMS 0x00000000a7e00000, 0x00000000a7e00000| Complete 
| 639|0x00000000a7f00000, 0x00000000a8000000, 0x00000000a8000000|100%| E|CS|TAMS 0x00000000a7f00000, 0x00000000a7f00000| Complete 
| 640|0x00000000a8000000, 0x00000000a8100000, 0x00000000a8100000|100%| E|CS|TAMS 0x00000000a8000000, 0x00000000a8000000| Complete 
| 641|0x00000000a8100000, 0x00000000a8200000, 0x00000000a8200000|100%| E|CS|TAMS 0x00000000a8100000, 0x00000000a8100000| Complete 
| 642|0x00000000a8200000, 0x00000000a8300000, 0x00000000a8300000|100%| E|CS|TAMS 0x00000000a8200000, 0x00000000a8200000| Complete 
| 643|0x00000000a8300000, 0x00000000a8400000, 0x00000000a8400000|100%| E|CS|TAMS 0x00000000a8300000, 0x00000000a8300000| Complete 
| 644|0x00000000a8400000, 0x00000000a8500000, 0x00000000a8500000|100%| E|CS|TAMS 0x00000000a8400000, 0x00000000a8400000| Complete 
| 645|0x00000000a8500000, 0x00000000a8600000, 0x00000000a8600000|100%| E|CS|TAMS 0x00000000a8500000, 0x00000000a8500000| Complete 
| 646|0x00000000a8600000, 0x00000000a8700000, 0x00000000a8700000|100%| E|CS|TAMS 0x00000000a8600000, 0x00000000a8600000| Complete 
| 647|0x00000000a8700000, 0x00000000a8800000, 0x00000000a8800000|100%| E|CS|TAMS 0x00000000a8700000, 0x00000000a8700000| Complete 
| 648|0x00000000a8800000, 0x00000000a8900000, 0x00000000a8900000|100%| E|CS|TAMS 0x00000000a8800000, 0x00000000a8800000| Complete 
| 649|0x00000000a8900000, 0x00000000a8a00000, 0x00000000a8a00000|100%| E|CS|TAMS 0x00000000a8900000, 0x00000000a8900000| Complete 
| 650|0x00000000a8a00000, 0x00000000a8b00000, 0x00000000a8b00000|100%| E|CS|TAMS 0x00000000a8a00000, 0x00000000a8a00000| Complete 
| 651|0x00000000a8b00000, 0x00000000a8c00000, 0x00000000a8c00000|100%| E|CS|TAMS 0x00000000a8b00000, 0x00000000a8b00000| Complete 
| 652|0x00000000a8c00000, 0x00000000a8d00000, 0x00000000a8d00000|100%| E|CS|TAMS 0x00000000a8c00000, 0x00000000a8c00000| Complete 
| 653|0x00000000a8d00000, 0x00000000a8e00000, 0x00000000a8e00000|100%| E|CS|TAMS 0x00000000a8d00000, 0x00000000a8d00000| Complete 
| 654|0x00000000a8e00000, 0x00000000a8f00000, 0x00000000a8f00000|100%| E|CS|TAMS 0x00000000a8e00000, 0x00000000a8e00000| Complete 
| 655|0x00000000a8f00000, 0x00000000a9000000, 0x00000000a9000000|100%| E|CS|TAMS 0x00000000a8f00000, 0x00000000a8f00000| Complete 
| 656|0x00000000a9000000, 0x00000000a9100000, 0x00000000a9100000|100%| E|CS|TAMS 0x00000000a9000000, 0x00000000a9000000| Complete 
| 657|0x00000000a9100000, 0x00000000a9200000, 0x00000000a9200000|100%| E|CS|TAMS 0x00000000a9100000, 0x00000000a9100000| Complete 
| 658|0x00000000a9200000, 0x00000000a9300000, 0x00000000a9300000|100%| E|CS|TAMS 0x00000000a9200000, 0x00000000a9200000| Complete 
| 659|0x00000000a9300000, 0x00000000a9400000, 0x00000000a9400000|100%| E|CS|TAMS 0x00000000a9300000, 0x00000000a9300000| Complete 
| 660|0x00000000a9400000, 0x00000000a9500000, 0x00000000a9500000|100%| E|CS|TAMS 0x00000000a9400000, 0x00000000a9400000| Complete 
| 661|0x00000000a9500000, 0x00000000a9600000, 0x00000000a9600000|100%| E|CS|TAMS 0x00000000a9500000, 0x00000000a9500000| Complete 
| 662|0x00000000a9600000, 0x00000000a9700000, 0x00000000a9700000|100%| E|CS|TAMS 0x00000000a9600000, 0x00000000a9600000| Complete 
| 663|0x00000000a9700000, 0x00000000a9800000, 0x00000000a9800000|100%| E|CS|TAMS 0x00000000a9700000, 0x00000000a9700000| Complete 
| 664|0x00000000a9800000, 0x00000000a9900000, 0x00000000a9900000|100%| E|CS|TAMS 0x00000000a9800000, 0x00000000a9800000| Complete 
| 665|0x00000000a9900000, 0x00000000a9a00000, 0x00000000a9a00000|100%| E|CS|TAMS 0x00000000a9900000, 0x00000000a9900000| Complete 
| 666|0x00000000a9a00000, 0x00000000a9b00000, 0x00000000a9b00000|100%| E|CS|TAMS 0x00000000a9a00000, 0x00000000a9a00000| Complete 
| 667|0x00000000a9b00000, 0x00000000a9c00000, 0x00000000a9c00000|100%| E|CS|TAMS 0x00000000a9b00000, 0x00000000a9b00000| Complete 
| 668|0x00000000a9c00000, 0x00000000a9d00000, 0x00000000a9d00000|100%| E|CS|TAMS 0x00000000a9c00000, 0x00000000a9c00000| Complete 
| 669|0x00000000a9d00000, 0x00000000a9e00000, 0x00000000a9e00000|100%| E|CS|TAMS 0x00000000a9d00000, 0x00000000a9d00000| Complete 
| 670|0x00000000a9e00000, 0x00000000a9f00000, 0x00000000a9f00000|100%| E|CS|TAMS 0x00000000a9e00000, 0x00000000a9e00000| Complete 
| 671|0x00000000a9f00000, 0x00000000aa000000, 0x00000000aa000000|100%| E|CS|TAMS 0x00000000a9f00000, 0x00000000a9f00000| Complete 
| 672|0x00000000aa000000, 0x00000000aa100000, 0x00000000aa100000|100%| E|CS|TAMS 0x00000000aa000000, 0x00000000aa000000| Complete 
| 673|0x00000000aa100000, 0x00000000aa200000, 0x00000000aa200000|100%| E|CS|TAMS 0x00000000aa100000, 0x00000000aa100000| Complete 
| 674|0x00000000aa200000, 0x00000000aa300000, 0x00000000aa300000|100%| E|CS|TAMS 0x00000000aa200000, 0x00000000aa200000| Complete 
| 675|0x00000000aa300000, 0x00000000aa400000, 0x00000000aa400000|100%| E|CS|TAMS 0x00000000aa300000, 0x00000000aa300000| Complete 
| 676|0x00000000aa400000, 0x00000000aa500000, 0x00000000aa500000|100%| E|CS|TAMS 0x00000000aa400000, 0x00000000aa400000| Complete 
| 677|0x00000000aa500000, 0x00000000aa600000, 0x00000000aa600000|100%| E|CS|TAMS 0x00000000aa500000, 0x00000000aa500000| Complete 
| 678|0x00000000aa600000, 0x00000000aa700000, 0x00000000aa700000|100%| E|CS|TAMS 0x00000000aa600000, 0x00000000aa600000| Complete 
| 679|0x00000000aa700000, 0x00000000aa800000, 0x00000000aa800000|100%| E|CS|TAMS 0x00000000aa700000, 0x00000000aa700000| Complete 
| 680|0x00000000aa800000, 0x00000000aa900000, 0x00000000aa900000|100%| E|CS|TAMS 0x00000000aa800000, 0x00000000aa800000| Complete 
| 681|0x00000000aa900000, 0x00000000aaa00000, 0x00000000aaa00000|100%| E|CS|TAMS 0x00000000aa900000, 0x00000000aa900000| Complete 
| 682|0x00000000aaa00000, 0x00000000aab00000, 0x00000000aab00000|100%| E|CS|TAMS 0x00000000aaa00000, 0x00000000aaa00000| Complete 
| 683|0x00000000aab00000, 0x00000000aac00000, 0x00000000aac00000|100%| E|CS|TAMS 0x00000000aab00000, 0x00000000aab00000| Complete 
| 684|0x00000000aac00000, 0x00000000aad00000, 0x00000000aad00000|100%| E|CS|TAMS 0x00000000aac00000, 0x00000000aac00000| Complete 
| 685|0x00000000aad00000, 0x00000000aae00000, 0x00000000aae00000|100%| E|CS|TAMS 0x00000000aad00000, 0x00000000aad00000| Complete 
| 686|0x00000000aae00000, 0x00000000aaf00000, 0x00000000aaf00000|100%| E|CS|TAMS 0x00000000aae00000, 0x00000000aae00000| Complete 
| 687|0x00000000aaf00000, 0x00000000ab000000, 0x00000000ab000000|100%| E|CS|TAMS 0x00000000aaf00000, 0x00000000aaf00000| Complete 
| 688|0x00000000ab000000, 0x00000000ab100000, 0x00000000ab100000|100%| E|CS|TAMS 0x00000000ab000000, 0x00000000ab000000| Complete 
| 689|0x00000000ab100000, 0x00000000ab200000, 0x00000000ab200000|100%| E|CS|TAMS 0x00000000ab100000, 0x00000000ab100000| Complete 
| 690|0x00000000ab200000, 0x00000000ab300000, 0x00000000ab300000|100%| E|CS|TAMS 0x00000000ab200000, 0x00000000ab200000| Complete 
| 691|0x00000000ab300000, 0x00000000ab400000, 0x00000000ab400000|100%| E|CS|TAMS 0x00000000ab300000, 0x00000000ab300000| Complete 
| 692|0x00000000ab400000, 0x00000000ab500000, 0x00000000ab500000|100%| E|CS|TAMS 0x00000000ab400000, 0x00000000ab400000| Complete 
| 693|0x00000000ab500000, 0x00000000ab600000, 0x00000000ab600000|100%| E|CS|TAMS 0x00000000ab500000, 0x00000000ab500000| Complete 
| 694|0x00000000ab600000, 0x00000000ab700000, 0x00000000ab700000|100%| E|CS|TAMS 0x00000000ab600000, 0x00000000ab600000| Complete 
| 695|0x00000000ab700000, 0x00000000ab800000, 0x00000000ab800000|100%| E|CS|TAMS 0x00000000ab700000, 0x00000000ab700000| Complete 
| 696|0x00000000ab800000, 0x00000000ab900000, 0x00000000ab900000|100%| E|CS|TAMS 0x00000000ab800000, 0x00000000ab800000| Complete 
| 697|0x00000000ab900000, 0x00000000aba00000, 0x00000000aba00000|100%| E|CS|TAMS 0x00000000ab900000, 0x00000000ab900000| Complete 
| 698|0x00000000aba00000, 0x00000000abb00000, 0x00000000abb00000|100%| E|CS|TAMS 0x00000000aba00000, 0x00000000aba00000| Complete 
| 699|0x00000000abb00000, 0x00000000abc00000, 0x00000000abc00000|100%| E|CS|TAMS 0x00000000abb00000, 0x00000000abb00000| Complete 
| 700|0x00000000abc00000, 0x00000000abd00000, 0x00000000abd00000|100%| E|CS|TAMS 0x00000000abc00000, 0x00000000abc00000| Complete 
| 701|0x00000000abd00000, 0x00000000abe00000, 0x00000000abe00000|100%| E|CS|TAMS 0x00000000abd00000, 0x00000000abd00000| Complete 
| 702|0x00000000abe00000, 0x00000000abf00000, 0x00000000abf00000|100%| E|CS|TAMS 0x00000000abe00000, 0x00000000abe00000| Complete 
| 703|0x00000000abf00000, 0x00000000ac000000, 0x00000000ac000000|100%| E|CS|TAMS 0x00000000abf00000, 0x00000000abf00000| Complete 
| 704|0x00000000ac000000, 0x00000000ac100000, 0x00000000ac100000|100%| E|CS|TAMS 0x00000000ac000000, 0x00000000ac000000| Complete 
| 705|0x00000000ac100000, 0x00000000ac200000, 0x00000000ac200000|100%| E|CS|TAMS 0x00000000ac100000, 0x00000000ac100000| Complete 
| 706|0x00000000ac200000, 0x00000000ac300000, 0x00000000ac300000|100%| E|CS|TAMS 0x00000000ac200000, 0x00000000ac200000| Complete 
| 707|0x00000000ac300000, 0x00000000ac400000, 0x00000000ac400000|100%| E|CS|TAMS 0x00000000ac300000, 0x00000000ac300000| Complete 
| 708|0x00000000ac400000, 0x00000000ac500000, 0x00000000ac500000|100%| E|CS|TAMS 0x00000000ac400000, 0x00000000ac400000| Complete 
| 709|0x00000000ac500000, 0x00000000ac600000, 0x00000000ac600000|100%| E|CS|TAMS 0x00000000ac500000, 0x00000000ac500000| Complete 
| 710|0x00000000ac600000, 0x00000000ac700000, 0x00000000ac700000|100%| E|CS|TAMS 0x00000000ac600000, 0x00000000ac600000| Complete 
| 711|0x00000000ac700000, 0x00000000ac800000, 0x00000000ac800000|100%| E|CS|TAMS 0x00000000ac700000, 0x00000000ac700000| Complete 
| 712|0x00000000ac800000, 0x00000000ac900000, 0x00000000ac900000|100%| E|CS|TAMS 0x00000000ac800000, 0x00000000ac800000| Complete 
| 713|0x00000000ac900000, 0x00000000aca00000, 0x00000000aca00000|100%| E|CS|TAMS 0x00000000ac900000, 0x00000000ac900000| Complete 
| 714|0x00000000aca00000, 0x00000000acb00000, 0x00000000acb00000|100%| E|CS|TAMS 0x00000000aca00000, 0x00000000aca00000| Complete 
| 715|0x00000000acb00000, 0x00000000acc00000, 0x00000000acc00000|100%| E|CS|TAMS 0x00000000acb00000, 0x00000000acb00000| Complete 
| 716|0x00000000acc00000, 0x00000000acd00000, 0x00000000acd00000|100%| E|CS|TAMS 0x00000000acc00000, 0x00000000acc00000| Complete 
| 717|0x00000000acd00000, 0x00000000ace00000, 0x00000000ace00000|100%| E|CS|TAMS 0x00000000acd00000, 0x00000000acd00000| Complete 
| 718|0x00000000ace00000, 0x00000000acf00000, 0x00000000acf00000|100%| E|CS|TAMS 0x00000000ace00000, 0x00000000ace00000| Complete 
| 719|0x00000000acf00000, 0x00000000ad000000, 0x00000000ad000000|100%| E|CS|TAMS 0x00000000acf00000, 0x00000000acf00000| Complete 
| 720|0x00000000ad000000, 0x00000000ad100000, 0x00000000ad100000|100%| E|CS|TAMS 0x00000000ad000000, 0x00000000ad000000| Complete 
| 721|0x00000000ad100000, 0x00000000ad200000, 0x00000000ad200000|100%| E|CS|TAMS 0x00000000ad100000, 0x00000000ad100000| Complete 
| 722|0x00000000ad200000, 0x00000000ad300000, 0x00000000ad300000|100%| E|CS|TAMS 0x00000000ad200000, 0x00000000ad200000| Complete 
| 723|0x00000000ad300000, 0x00000000ad400000, 0x00000000ad400000|100%| E|CS|TAMS 0x00000000ad300000, 0x00000000ad300000| Complete 
| 724|0x00000000ad400000, 0x00000000ad500000, 0x00000000ad500000|100%| E|CS|TAMS 0x00000000ad400000, 0x00000000ad400000| Complete 
| 725|0x00000000ad500000, 0x00000000ad600000, 0x00000000ad600000|100%| E|CS|TAMS 0x00000000ad500000, 0x00000000ad500000| Complete 
| 726|0x00000000ad600000, 0x00000000ad700000, 0x00000000ad700000|100%| E|CS|TAMS 0x00000000ad600000, 0x00000000ad600000| Complete 
| 727|0x00000000ad700000, 0x00000000ad800000, 0x00000000ad800000|100%| E|CS|TAMS 0x00000000ad700000, 0x00000000ad700000| Complete 
| 728|0x00000000ad800000, 0x00000000ad900000, 0x00000000ad900000|100%| E|CS|TAMS 0x00000000ad800000, 0x00000000ad800000| Complete 
| 729|0x00000000ad900000, 0x00000000ada00000, 0x00000000ada00000|100%| E|CS|TAMS 0x00000000ad900000, 0x00000000ad900000| Complete 
| 730|0x00000000ada00000, 0x00000000adb00000, 0x00000000adb00000|100%| E|CS|TAMS 0x00000000ada00000, 0x00000000ada00000| Complete 
| 731|0x00000000adb00000, 0x00000000adc00000, 0x00000000adc00000|100%| E|CS|TAMS 0x00000000adb00000, 0x00000000adb00000| Complete 
| 732|0x00000000adc00000, 0x00000000add00000, 0x00000000add00000|100%| E|CS|TAMS 0x00000000adc00000, 0x00000000adc00000| Complete 
| 733|0x00000000add00000, 0x00000000ade00000, 0x00000000ade00000|100%| E|CS|TAMS 0x00000000add00000, 0x00000000add00000| Complete 
| 734|0x00000000ade00000, 0x00000000adf00000, 0x00000000adf00000|100%| E|CS|TAMS 0x00000000ade00000, 0x00000000ade00000| Complete 
| 735|0x00000000adf00000, 0x00000000ae000000, 0x00000000ae000000|100%| E|CS|TAMS 0x00000000adf00000, 0x00000000adf00000| Complete 
| 736|0x00000000ae000000, 0x00000000ae100000, 0x00000000ae100000|100%| E|CS|TAMS 0x00000000ae000000, 0x00000000ae000000| Complete 
| 737|0x00000000ae100000, 0x00000000ae200000, 0x00000000ae200000|100%| E|CS|TAMS 0x00000000ae100000, 0x00000000ae100000| Complete 
| 738|0x00000000ae200000, 0x00000000ae300000, 0x00000000ae300000|100%| E|CS|TAMS 0x00000000ae200000, 0x00000000ae200000| Complete 
| 739|0x00000000ae300000, 0x00000000ae400000, 0x00000000ae400000|100%| E|CS|TAMS 0x00000000ae300000, 0x00000000ae300000| Complete 
| 740|0x00000000ae400000, 0x00000000ae500000, 0x00000000ae500000|100%| E|CS|TAMS 0x00000000ae400000, 0x00000000ae400000| Complete 
| 741|0x00000000ae500000, 0x00000000ae600000, 0x00000000ae600000|100%| E|CS|TAMS 0x00000000ae500000, 0x00000000ae500000| Complete 
| 742|0x00000000ae600000, 0x00000000ae700000, 0x00000000ae700000|100%| E|CS|TAMS 0x00000000ae600000, 0x00000000ae600000| Complete 
| 743|0x00000000ae700000, 0x00000000ae800000, 0x00000000ae800000|100%| E|CS|TAMS 0x00000000ae700000, 0x00000000ae700000| Complete 
| 744|0x00000000ae800000, 0x00000000ae900000, 0x00000000ae900000|100%| E|CS|TAMS 0x00000000ae800000, 0x00000000ae800000| Complete 
| 745|0x00000000ae900000, 0x00000000aea00000, 0x00000000aea00000|100%| E|CS|TAMS 0x00000000ae900000, 0x00000000ae900000| Complete 
| 746|0x00000000aea00000, 0x00000000aeb00000, 0x00000000aeb00000|100%| E|CS|TAMS 0x00000000aea00000, 0x00000000aea00000| Complete 
| 747|0x00000000aeb00000, 0x00000000aec00000, 0x00000000aec00000|100%| E|CS|TAMS 0x00000000aeb00000, 0x00000000aeb00000| Complete 
| 748|0x00000000aec00000, 0x00000000aed00000, 0x00000000aed00000|100%| E|CS|TAMS 0x00000000aec00000, 0x00000000aec00000| Complete 
| 749|0x00000000aed00000, 0x00000000aee00000, 0x00000000aee00000|100%| E|CS|TAMS 0x00000000aed00000, 0x00000000aed00000| Complete 
| 750|0x00000000aee00000, 0x00000000aef00000, 0x00000000aef00000|100%| E|CS|TAMS 0x00000000aee00000, 0x00000000aee00000| Complete 
| 751|0x00000000aef00000, 0x00000000af000000, 0x00000000af000000|100%| E|CS|TAMS 0x00000000aef00000, 0x00000000aef00000| Complete 
| 752|0x00000000af000000, 0x00000000af100000, 0x00000000af100000|100%| E|CS|TAMS 0x00000000af000000, 0x00000000af000000| Complete 
| 753|0x00000000af100000, 0x00000000af200000, 0x00000000af200000|100%| E|CS|TAMS 0x00000000af100000, 0x00000000af100000| Complete 
| 754|0x00000000af200000, 0x00000000af300000, 0x00000000af300000|100%| E|CS|TAMS 0x00000000af200000, 0x00000000af200000| Complete 
| 755|0x00000000af300000, 0x00000000af400000, 0x00000000af400000|100%| E|CS|TAMS 0x00000000af300000, 0x00000000af300000| Complete 
| 756|0x00000000af400000, 0x00000000af500000, 0x00000000af500000|100%| E|CS|TAMS 0x00000000af400000, 0x00000000af400000| Complete 
| 757|0x00000000af500000, 0x00000000af600000, 0x00000000af600000|100%| E|CS|TAMS 0x00000000af500000, 0x00000000af500000| Complete 
| 758|0x00000000af600000, 0x00000000af700000, 0x00000000af700000|100%| E|CS|TAMS 0x00000000af600000, 0x00000000af600000| Complete 
| 759|0x00000000af700000, 0x00000000af800000, 0x00000000af800000|100%| E|CS|TAMS 0x00000000af700000, 0x00000000af700000| Complete 
| 760|0x00000000af800000, 0x00000000af900000, 0x00000000af900000|100%| E|CS|TAMS 0x00000000af800000, 0x00000000af800000| Complete 
| 761|0x00000000af900000, 0x00000000afa00000, 0x00000000afa00000|100%| E|CS|TAMS 0x00000000af900000, 0x00000000af900000| Complete 
| 762|0x00000000afa00000, 0x00000000afb00000, 0x00000000afb00000|100%| E|CS|TAMS 0x00000000afa00000, 0x00000000afa00000| Complete 
| 763|0x00000000afb00000, 0x00000000afc00000, 0x00000000afc00000|100%| E|CS|TAMS 0x00000000afb00000, 0x00000000afb00000| Complete 
| 764|0x00000000afc00000, 0x00000000afd00000, 0x00000000afd00000|100%| E|CS|TAMS 0x00000000afc00000, 0x00000000afc00000| Complete 
| 765|0x00000000afd00000, 0x00000000afe00000, 0x00000000afe00000|100%| E|CS|TAMS 0x00000000afd00000, 0x00000000afd00000| Complete 
|2047|0x00000000fff00000, 0x0000000100000000, 0x0000000100000000|100%| O|  |TAMS 0x0000000100000000, 0x00000000fff00000| Untracked 

Card table byte_map: [0x0000016be4d10000,0x0000016be5110000] _byte_map_base: 0x0000016be4910000

Marking Bits (Prev, Next): (CMBitMap*) 0x0000016bcb4ca6c0, (CMBitMap*) 0x0000016bcb4ca680
 Prev Bits: [0x0000016be7510000, 0x0000016be9510000)
 Next Bits: [0x0000016be5510000, 0x0000016be7510000)

Polling page: 0x0000016bcb520000

Metaspace:

Usage:
  Non-class:    181.08 MB used.
      Class:     26.21 MB used.
       Both:    207.29 MB used.

Virtual space:
  Non-class space:      192.00 MB reserved,     181.56 MB ( 95%) committed,  3 nodes.
      Class space:        1.00 GB reserved,      26.69 MB (  3%) committed,  1 nodes.
             Both:        1.19 GB reserved,     208.25 MB ( 17%) committed. 

Chunk freelists:
   Non-Class:  10.41 MB
       Class:  5.17 MB
        Both:  15.58 MB

MaxMetaspaceSize: unlimited
CompressedClassSpaceSize: 1.00 GB
Initial GC threshold: 21.00 MB
Current GC threshold: 346.19 MB
CDS: on
MetaspaceReclaimPolicy: balanced
 - commit_granule_bytes: 65536.
 - commit_granule_words: 8192.
 - virtual_space_node_default_size: 8388608.
 - enlarge_chunks_in_place: 1.
 - new_chunks_are_fully_committed: 0.
 - uncommit_free_chunks: 1.
 - use_allocation_guard: 0.
 - handle_deallocations: 1.


Internal statistics:

num_allocs_failed_limit: 12.
num_arena_births: 1654.
num_arena_deaths: 124.
num_vsnodes_births: 4.
num_vsnodes_deaths: 0.
num_space_committed: 3328.
num_space_uncommitted: 0.
num_chunks_returned_to_freelist: 188.
num_chunks_taken_from_freelist: 9760.
num_chunk_merges: 76.
num_chunk_splits: 7158.
num_chunks_enlarged: 5530.
num_inconsistent_stats: 0.

CodeHeap 'non-profiled nmethods': size=119168Kb used=36657Kb max_used=36657Kb free=82510Kb
 bounds [0x0000016bdc4e0000, 0x0000016bde8b0000, 0x0000016be3940000]
CodeHeap 'profiled nmethods': size=119104Kb used=88724Kb max_used=92177Kb free=30380Kb
 bounds [0x0000016bd4940000, 0x0000016bda3e0000, 0x0000016bdbd90000]
CodeHeap 'non-nmethods': size=7488Kb used=3662Kb max_used=3782Kb free=3825Kb
 bounds [0x0000016bdbd90000, 0x0000016bdc150000, 0x0000016bdc4e0000]
 total_blobs=39480 nmethods=38376 adapters=1009
 compilation: enabled
              stopped_count=0, restarted_count=0
 full_count=0

Compilation events (20 events):
Event: 130.475 Thread 0x0000016c079f2270 nmethod 50214% 0x0000016bde899710 code [0x0000016bde8999c0, 0x0000016bde89c440]
Event: 130.477 Thread 0x0000016c079f2270 50267       4       java.lang.Long::toString (139 bytes)
Event: 130.477 Thread 0x0000016bebf2b350 50271       2       com.android.tools.r8.graph.J2::e1 (8 bytes)
Event: 130.477 Thread 0x0000016bebf2b350 nmethod 50271 0x0000016bd8a5ca90 code [0x0000016bd8a5cc40, 0x0000016bd8a5cd68]
Event: 130.486 Thread 0x0000016bfb1c32b0 nmethod 50261 0x0000016bde89d590 code [0x0000016bde89d780, 0x0000016bde89e198]
Event: 130.486 Thread 0x0000016bfb1c32b0 50272       4       com.android.tools.r8.graph.K2$a::e1 (28 bytes)
Event: 130.488 Thread 0x0000016bfb1c32b0 nmethod 50272 0x0000016bde89eb10 code [0x0000016bde89eca0, 0x0000016bde89ed98]
Event: 130.488 Thread 0x0000016bfb1c32b0 50274       4       com.android.tools.r8.graph.g3::a (53 bytes)
Event: 130.496 Thread 0x0000016c079f1280 nmethod 50241 0x0000016bde89ee90 code [0x0000016bde89f160, 0x0000016bde8a0070]
Event: 130.496 Thread 0x0000016c079f1280 50270       4       com.android.tools.r8.dex.j::a (9 bytes)
Event: 130.510 Thread 0x0000016c079f47a0 nmethod 50246 0x0000016bde8a1590 code [0x0000016bde8a19a0, 0x0000016bde8a3458]
Event: 130.511 Thread 0x0000016c079f47a0 50281       4       java.util.TimSort::mergeLo (659 bytes)
Event: 130.513 Thread 0x0000016c079f2270 nmethod 50267 0x0000016bde8a5b10 code [0x0000016bde8a5d00, 0x0000016bde8a6f38]
Event: 130.514 Thread 0x0000016c079f1280 nmethod 50270 0x0000016bde8a7690 code [0x0000016bde8a7840, 0x0000016bde8a7f28]
Event: 130.514 Thread 0x0000016c079f2270 50282       4       java.util.TimSort::mergeHi (732 bytes)
Event: 130.515 Thread 0x0000016c079f1280 50278 %     4       com.android.tools.r8.graph.q5::a @ 59 (116 bytes)
Event: 130.547 Thread 0x0000016c079f17d0 50286       2       com.android.tools.r8.graph.J2::equals (31 bytes)
Event: 130.561 Thread 0x0000016c08c40420 50290       3       com.android.tools.r8.graph.J2::hashCode (11 bytes)
Event: 130.618 Thread 0x0000016bebf2b350 50315       1       com.android.tools.r8.dex.code.f::t (4 bytes)
Event: 130.618 Thread 0x0000016c079f3d00 50316       1       com.android.tools.r8.dex.code.F3::t (4 bytes)

GC Heap History (20 events):
Event: 122.204 GC heap before
{Heap before GC invocations=190 (full 0):
 garbage-first heap   total 785408K, used 698687K [0x0000000080000000, 0x0000000100000000)
  region size 1024K, 386 young (395264K), 12 survivors (12288K)
 Metaspace       used 212020K, committed 212928K, reserved 1245184K
  class space    used 26815K, committed 27264K, reserved 1048576K
}
Event: 122.214 GC heap after
{Heap after GC invocations=191 (full 0):
 garbage-first heap   total 785408K, used 321773K [0x0000000080000000, 0x0000000100000000)
  region size 1024K, 20 young (20480K), 20 survivors (20480K)
 Metaspace       used 212020K, committed 212928K, reserved 1245184K
  class space    used 26815K, committed 27264K, reserved 1048576K
}
Event: 122.809 GC heap before
{Heap before GC invocations=191 (full 0):
 garbage-first heap   total 785408K, used 684269K [0x0000000080000000, 0x0000000100000000)
  region size 1024K, 374 young (382976K), 20 survivors (20480K)
 Metaspace       used 212031K, committed 212928K, reserved 1245184K
  class space    used 26817K, committed 27264K, reserved 1048576K
}
Event: 122.832 GC heap after
{Heap after GC invocations=192 (full 0):
 garbage-first heap   total 785408K, used 342373K [0x0000000080000000, 0x0000000100000000)
  region size 1024K, 43 young (44032K), 43 survivors (44032K)
 Metaspace       used 212031K, committed 212928K, reserved 1245184K
  class space    used 26817K, committed 27264K, reserved 1048576K
}
Event: 123.508 GC heap before
{Heap before GC invocations=192 (full 0):
 garbage-first heap   total 785408K, used 659813K [0x0000000080000000, 0x0000000100000000)
  region size 1024K, 354 young (362496K), 43 survivors (44032K)
 Metaspace       used 212071K, committed 212992K, reserved 1245184K
  class space    used 26820K, committed 27264K, reserved 1048576K
}
Event: 123.529 GC heap after
{Heap after GC invocations=193 (full 0):
 garbage-first heap   total 785408K, used 351799K [0x0000000080000000, 0x0000000100000000)
  region size 1024K, 13 young (13312K), 13 survivors (13312K)
 Metaspace       used 212071K, committed 212992K, reserved 1245184K
  class space    used 26820K, committed 27264K, reserved 1048576K
}
Event: 124.149 GC heap before
{Heap before GC invocations=193 (full 0):
 garbage-first heap   total 785408K, used 670263K [0x0000000080000000, 0x0000000100000000)
  region size 1024K, 322 young (329728K), 13 survivors (13312K)
 Metaspace       used 212078K, committed 212992K, reserved 1245184K
  class space    used 26820K, committed 27264K, reserved 1048576K
}
Event: 124.156 GC heap after
{Heap after GC invocations=194 (full 0):
 garbage-first heap   total 785408K, used 355235K [0x0000000080000000, 0x0000000100000000)
  region size 1024K, 14 young (14336K), 14 survivors (14336K)
 Metaspace       used 212078K, committed 212992K, reserved 1245184K
  class space    used 26820K, committed 27264K, reserved 1048576K
}
Event: 124.766 GC heap before
{Heap before GC invocations=194 (full 0):
 garbage-first heap   total 785408K, used 671651K [0x0000000080000000, 0x0000000100000000)
  region size 1024K, 324 young (331776K), 14 survivors (14336K)
 Metaspace       used 212084K, committed 212992K, reserved 1245184K
  class space    used 26821K, committed 27264K, reserved 1048576K
}
Event: 124.772 GC heap after
{Heap after GC invocations=195 (full 0):
 garbage-first heap   total 785408K, used 352311K [0x0000000080000000, 0x0000000100000000)
  region size 1024K, 13 young (13312K), 13 survivors (13312K)
 Metaspace       used 212084K, committed 212992K, reserved 1245184K
  class space    used 26821K, committed 27264K, reserved 1048576K
}
Event: 125.644 GC heap before
{Heap before GC invocations=195 (full 0):
 garbage-first heap   total 785408K, used 678967K [0x0000000080000000, 0x0000000100000000)
  region size 1024K, 332 young (339968K), 13 survivors (13312K)
 Metaspace       used 212101K, committed 213120K, reserved 1245184K
  class space    used 26827K, committed 27328K, reserved 1048576K
}
Event: 125.650 GC heap after
{Heap after GC invocations=196 (full 0):
 garbage-first heap   total 785408K, used 352681K [0x0000000080000000, 0x0000000100000000)
  region size 1024K, 14 young (14336K), 14 survivors (14336K)
 Metaspace       used 212101K, committed 213120K, reserved 1245184K
  class space    used 26827K, committed 27328K, reserved 1048576K
}
Event: 126.681 GC heap before
{Heap before GC invocations=196 (full 0):
 garbage-first heap   total 785408K, used 683433K [0x0000000080000000, 0x0000000100000000)
  region size 1024K, 336 young (344064K), 14 survivors (14336K)
 Metaspace       used 212192K, committed 213184K, reserved 1245184K
  class space    used 26829K, committed 27328K, reserved 1048576K
}
Event: 126.689 GC heap after
{Heap after GC invocations=197 (full 0):
 garbage-first heap   total 785408K, used 354359K [0x0000000080000000, 0x0000000100000000)
  region size 1024K, 15 young (15360K), 15 survivors (15360K)
 Metaspace       used 212192K, committed 213184K, reserved 1245184K
  class space    used 26829K, committed 27328K, reserved 1048576K
}
Event: 128.451 GC heap before
{Heap before GC invocations=197 (full 0):
 garbage-first heap   total 785408K, used 685111K [0x0000000080000000, 0x0000000100000000)
  region size 1024K, 338 young (346112K), 15 survivors (15360K)
 Metaspace       used 212199K, committed 213184K, reserved 1245184K
  class space    used 26829K, committed 27328K, reserved 1048576K
}
Event: 128.459 GC heap after
{Heap after GC invocations=198 (full 0):
 garbage-first heap   total 785408K, used 355801K [0x0000000080000000, 0x0000000100000000)
  region size 1024K, 17 young (17408K), 17 survivors (17408K)
 Metaspace       used 212199K, committed 213184K, reserved 1245184K
  class space    used 26829K, committed 27328K, reserved 1048576K
}
Event: 129.519 GC heap before
{Heap before GC invocations=198 (full 0):
 garbage-first heap   total 785408K, used 687577K [0x0000000080000000, 0x0000000100000000)
  region size 1024K, 341 young (349184K), 17 survivors (17408K)
 Metaspace       used 212205K, committed 213184K, reserved 1245184K
  class space    used 26829K, committed 27328K, reserved 1048576K
}
Event: 129.531 GC heap after
{Heap after GC invocations=199 (full 0):
 garbage-first heap   total 785408K, used 357665K [0x0000000080000000, 0x0000000100000000)
  region size 1024K, 19 young (19456K), 19 survivors (19456K)
 Metaspace       used 212205K, committed 213184K, reserved 1245184K
  class space    used 26829K, committed 27328K, reserved 1048576K
}
Event: 130.150 GC heap before
{Heap before GC invocations=199 (full 0):
 garbage-first heap   total 785408K, used 685345K [0x0000000080000000, 0x0000000100000000)
  region size 1024K, 339 young (347136K), 19 survivors (19456K)
 Metaspace       used 212207K, committed 213184K, reserved 1245184K
  class space    used 26829K, committed 27328K, reserved 1048576K
}
Event: 130.158 GC heap after
{Heap after GC invocations=200 (full 0):
 garbage-first heap   total 785408K, used 359476K [0x0000000080000000, 0x0000000100000000)
  region size 1024K, 20 young (20480K), 20 survivors (20480K)
 Metaspace       used 212207K, committed 213184K, reserved 1245184K
  class space    used 26829K, committed 27328K, reserved 1048576K
}

Dll operation events (15 events):
Event: 0.028 Loaded shared library C:\Program Files\Zulu\zulu-17\bin\java.dll
Event: 0.040 Loaded shared library C:\Program Files\Zulu\zulu-17\bin\jsvml.dll
Event: 0.071 Loaded shared library C:\Program Files\Zulu\zulu-17\bin\zip.dll
Event: 0.072 Loaded shared library C:\Program Files\Zulu\zulu-17\bin\instrument.dll
Event: 0.075 Loaded shared library C:\Program Files\Zulu\zulu-17\bin\net.dll
Event: 0.076 Loaded shared library C:\Program Files\Zulu\zulu-17\bin\nio.dll
Event: 0.078 Loaded shared library C:\Program Files\Zulu\zulu-17\bin\zip.dll
Event: 1.807 Loaded shared library C:\Program Files\Zulu\zulu-17\bin\jimage.dll
Event: 3.154 Loaded shared library C:\Program Files\Zulu\zulu-17\bin\verify.dll
Event: 6.335 Loaded shared library C:\Users\STRNGBBY\.gradle\native\68d5fa5c4cc2d200863cafc0d521ce42e7d3e7ee720ec0a83991735586a16f82\windows-amd64\native-platform.dll
Event: 6.446 Loaded shared library C:\Users\STRNGBBY\.gradle\native\e376f236ea51e6404a007f0833ffe2c6e607c4080706a723a18a27aeea778392\windows-amd64\native-platform-file-events.dll
Event: 14.340 Loaded shared library C:\Program Files\Zulu\zulu-17\bin\management.dll
Event: 14.342 Loaded shared library C:\Program Files\Zulu\zulu-17\bin\management_ext.dll
Event: 14.489 Loaded shared library C:\Program Files\Zulu\zulu-17\bin\extnet.dll
Event: 14.708 Loaded shared library C:\Program Files\Zulu\zulu-17\bin\sunmscapi.dll

Deoptimization events (20 events):
Event: 130.510 Thread 0x0000016bf650e0e0 Uncommon trap: trap_request=0xffffffd6 fr.pc=0x0000016bde5d4524 relative=0x00000000000017a4
Event: 130.510 Thread 0x0000016bf650e0e0 Uncommon trap: reason=array_check action=maybe_recompile pc=0x0000016bde5d4524 method=java.util.TimSort.mergeHi(IIII)V @ 101 c2
Event: 130.510 Thread 0x0000016bf650e0e0 DEOPT PACKING pc=0x0000016bde5d4524 sp=0x000000348f3fa4c0
Event: 130.510 Thread 0x0000016bf650e0e0 DEOPT UNPACKING pc=0x0000016bdbde69a3 sp=0x000000348f3fa498 mode 2
Event: 130.510 Thread 0x0000016bf650e0e0 Uncommon trap: trap_request=0xffffffd6 fr.pc=0x0000016bde5cb2b0 relative=0x00000000000010b0
Event: 130.510 Thread 0x0000016bf650e0e0 Uncommon trap: reason=array_check action=maybe_recompile pc=0x0000016bde5cb2b0 method=java.util.TimSort.mergeLo(IIII)V @ 245 c2
Event: 130.510 Thread 0x0000016bf650e0e0 DEOPT PACKING pc=0x0000016bde5cb2b0 sp=0x000000348f3fa4f0
Event: 130.510 Thread 0x0000016bf650e0e0 DEOPT UNPACKING pc=0x0000016bdbde69a3 sp=0x000000348f3fa4a0 mode 2
Event: 130.511 Thread 0x0000016bf650e0e0 Uncommon trap: trap_request=0xffffffd6 fr.pc=0x0000016bde5cb230 relative=0x0000000000001030
Event: 130.511 Thread 0x0000016bf650e0e0 Uncommon trap: reason=array_check action=maybe_recompile pc=0x0000016bde5cb230 method=java.util.TimSort.mergeLo(IIII)V @ 212 c2
Event: 130.511 Thread 0x0000016bf650e0e0 DEOPT PACKING pc=0x0000016bde5cb230 sp=0x000000348f3fa4f0
Event: 130.511 Thread 0x0000016bf650e0e0 DEOPT UNPACKING pc=0x0000016bdbde69a3 sp=0x000000348f3fa4a0 mode 2
Event: 130.512 Thread 0x0000016bf650e0e0 Uncommon trap: trap_request=0xffffffd6 fr.pc=0x0000016bde5c7450 relative=0x0000000000001150
Event: 130.512 Thread 0x0000016bf650e0e0 Uncommon trap: reason=array_check action=maybe_recompile pc=0x0000016bde5c7450 method=java.util.TimSort.mergeHi(IIII)V @ 282 c2
Event: 130.512 Thread 0x0000016bf650e0e0 DEOPT PACKING pc=0x0000016bde5c7450 sp=0x000000348f3fa4e0
Event: 130.512 Thread 0x0000016bf650e0e0 DEOPT UNPACKING pc=0x0000016bdbde69a3 sp=0x000000348f3fa498 mode 2
Event: 130.513 Thread 0x0000016bf650e0e0 Uncommon trap: trap_request=0xffffffd6 fr.pc=0x0000016bde5c7450 relative=0x0000000000001150
Event: 130.513 Thread 0x0000016bf650e0e0 Uncommon trap: reason=array_check action=maybe_recompile pc=0x0000016bde5c7450 method=java.util.TimSort.mergeHi(IIII)V @ 282 c2
Event: 130.513 Thread 0x0000016bf650e0e0 DEOPT PACKING pc=0x0000016bde5c7450 sp=0x000000348f3fa4e0
Event: 130.513 Thread 0x0000016bf650e0e0 DEOPT UNPACKING pc=0x0000016bdbde69a3 sp=0x000000348f3fa498 mode 2

Classes loaded (20 events):
Event: 112.225 Loading class java/util/stream/SliceOps
Event: 112.227 Loading class java/util/stream/SliceOps done
Event: 112.228 Loading class java/util/stream/SliceOps$1
Event: 112.229 Loading class java/util/stream/SliceOps$1 done
Event: 112.254 Loading class java/util/stream/SliceOps$1$1
Event: 112.255 Loading class java/util/stream/SliceOps$1$1 done
Event: 112.275 Loading class java/util/PriorityQueue
Event: 112.276 Loading class java/util/PriorityQueue done
Event: 112.306 Loading class java/util/IdentityHashMap$ValueIterator
Event: 112.307 Loading class java/util/IdentityHashMap$ValueIterator done
Event: 114.203 Loading class java/nio/ShortBuffer
Event: 114.205 Loading class java/nio/ShortBuffer done
Event: 114.332 Loading class java/nio/ByteBufferAsShortBufferL
Event: 114.334 Loading class java/nio/ByteBufferAsShortBufferL done
Event: 114.394 Loading class java/util/zip/Adler32
Event: 114.394 Loading class java/util/zip/Adler32 done
Event: 114.486 Loading class java/nio/file/Files$2
Event: 114.487 Loading class java/nio/file/Files$2 done
Event: 115.510 Loading class java/util/IdentityHashMap$EntrySet
Event: 115.510 Loading class java/util/IdentityHashMap$EntrySet done

Classes unloaded (20 events):
Event: 117.929 Thread 0x0000016bebef3020 Unloading class 0x0000016b82a60800 'java/lang/invoke/LambdaForm$DMH+0x0000016b82a60800'
Event: 117.929 Thread 0x0000016bebef3020 Unloading class 0x0000016b829f7800 'java/lang/invoke/LambdaForm$DMH+0x0000016b829f7800'
Event: 117.929 Thread 0x0000016bebef3020 Unloading class 0x0000016b829f7400 'java/lang/invoke/LambdaForm$DMH+0x0000016b829f7400'
Event: 117.929 Thread 0x0000016bebef3020 Unloading class 0x0000016b829f7000 'java/lang/invoke/LambdaForm$DMH+0x0000016b829f7000'
Event: 117.929 Thread 0x0000016bebef3020 Unloading class 0x0000016b829f6c00 'java/lang/invoke/LambdaForm$DMH+0x0000016b829f6c00'
Event: 117.929 Thread 0x0000016bebef3020 Unloading class 0x0000016b829f6800 'java/lang/invoke/LambdaForm$DMH+0x0000016b829f6800'
Event: 117.929 Thread 0x0000016bebef3020 Unloading class 0x0000016b829f6400 'java/lang/invoke/LambdaForm$DMH+0x0000016b829f6400'
Event: 117.929 Thread 0x0000016bebef3020 Unloading class 0x0000016b829f6000 'java/lang/invoke/LambdaForm$DMH+0x0000016b829f6000'
Event: 117.929 Thread 0x0000016bebef3020 Unloading class 0x0000016b829f5c00 'java/lang/invoke/LambdaForm$DMH+0x0000016b829f5c00'
Event: 117.929 Thread 0x0000016bebef3020 Unloading class 0x0000016b829f5800 'java/lang/invoke/LambdaForm$DMH+0x0000016b829f5800'
Event: 117.929 Thread 0x0000016bebef3020 Unloading class 0x0000016b829f5400 'java/lang/invoke/LambdaForm$DMH+0x0000016b829f5400'
Event: 117.929 Thread 0x0000016bebef3020 Unloading class 0x0000016b829f5000 'java/lang/invoke/LambdaForm$DMH+0x0000016b829f5000'
Event: 117.929 Thread 0x0000016bebef3020 Unloading class 0x0000016b829f4400 'java/lang/invoke/LambdaForm$DMH+0x0000016b829f4400'
Event: 117.929 Thread 0x0000016bebef3020 Unloading class 0x0000016b829f4000 'java/lang/invoke/LambdaForm$DMH+0x0000016b829f4000'
Event: 117.929 Thread 0x0000016bebef3020 Unloading class 0x0000016b829f4c00 'java/lang/invoke/LambdaForm$DMH+0x0000016b829f4c00'
Event: 117.929 Thread 0x0000016bebef3020 Unloading class 0x0000016b82995400 'java/lang/invoke/LambdaForm$DMH+0x0000016b82995400'
Event: 117.929 Thread 0x0000016bebef3020 Unloading class 0x0000016b82995000 'java/lang/invoke/LambdaForm$DMH+0x0000016b82995000'
Event: 117.929 Thread 0x0000016bebef3020 Unloading class 0x0000016b82994c00 'java/lang/invoke/LambdaForm$DMH+0x0000016b82994c00'
Event: 117.929 Thread 0x0000016bebef3020 Unloading class 0x0000016b82994800 'java/lang/invoke/LambdaForm$DMH+0x0000016b82994800'
Event: 117.929 Thread 0x0000016bebef3020 Unloading class 0x0000016b82994400 'java/lang/invoke/LambdaForm$DMH+0x0000016b82994400'

Classes redefined (0 events):
No events

Internal exceptions (20 events):
Event: 121.372 Thread 0x0000016bf650e0e0 Exception <a 'sun/nio/fs/WindowsException'{0x00000000a5d7d250}> (0x00000000a5d7d250) 
thrown [s\src\hotspot\share\prims\jni.cpp, line 516]
Event: 121.676 Thread 0x0000016bf650b860 Exception <a 'sun/nio/fs/WindowsException'{0x00000000af45eb68}> (0x00000000af45eb68) 
thrown [s\src\hotspot\share\prims\jni.cpp, line 516]
Event: 121.823 Thread 0x0000016bf650e0e0 Exception <a 'sun/nio/fs/WindowsException'{0x00000000a79863a0}> (0x00000000a79863a0) 
thrown [s\src\hotspot\share\prims\jni.cpp, line 516]
Event: 121.848 Thread 0x0000016bf650b860 Exception <a 'sun/nio/fs/WindowsException'{0x00000000a6c530d0}> (0x00000000a6c530d0) 
thrown [s\src\hotspot\share\prims\jni.cpp, line 516]
Event: 121.899 Thread 0x0000016bf650e0e0 Exception <a 'sun/nio/fs/WindowsException'{0x00000000a5177de0}> (0x00000000a5177de0) 
thrown [s\src\hotspot\share\prims\jni.cpp, line 516]
Event: 121.918 Thread 0x0000016bf650b860 Exception <a 'sun/nio/fs/WindowsException'{0x00000000a435fa78}> (0x00000000a435fa78) 
thrown [s\src\hotspot\share\prims\jni.cpp, line 516]
Event: 122.009 Thread 0x0000016bf650b860 Exception <a 'sun/nio/fs/WindowsException'{0x000000009ff82ba8}> (0x000000009ff82ba8) 
thrown [s\src\hotspot\share\prims\jni.cpp, line 516]
Event: 122.023 Thread 0x0000016bf650e0e0 Exception <a 'sun/nio/fs/WindowsException'{0x000000009f8768e0}> (0x000000009f8768e0) 
thrown [s\src\hotspot\share\prims\jni.cpp, line 516]
Event: 122.078 Thread 0x0000016bf650e0e0 Exception <a 'sun/nio/fs/WindowsException'{0x000000009d608550}> (0x000000009d608550) 
thrown [s\src\hotspot\share\prims\jni.cpp, line 516]
Event: 122.121 Thread 0x0000016bf650b860 Exception <a 'sun/nio/fs/WindowsException'{0x000000009b5e8888}> (0x000000009b5e8888) 
thrown [s\src\hotspot\share\prims\jni.cpp, line 516]
Event: 122.162 Thread 0x0000016bf650b860 Exception <a 'sun/nio/fs/WindowsException'{0x0000000099e6eb50}> (0x0000000099e6eb50) 
thrown [s\src\hotspot\share\prims\jni.cpp, line 516]
Event: 122.235 Thread 0x0000016bf650b860 Exception <a 'sun/nio/fs/WindowsException'{0x00000000aef18d40}> (0x00000000aef18d40) 
thrown [s\src\hotspot\share\prims\jni.cpp, line 516]
Event: 122.245 Thread 0x0000016bf1fae670 Exception <a 'sun/nio/fs/WindowsException'{0x00000000af55d190}> (0x00000000af55d190) 
thrown [s\src\hotspot\share\prims\jni.cpp, line 516]
Event: 122.284 Thread 0x0000016bf650b860 Exception <a 'sun/nio/fs/WindowsException'{0x00000000adf72520}> (0x00000000adf72520) 
thrown [s\src\hotspot\share\prims\jni.cpp, line 516]
Event: 124.186 Thread 0x0000016bf650cca0 Exception <a 'sun/nio/fs/WindowsException'{0x00000000afc5c4a8}> (0x00000000afc5c4a8) 
thrown [s\src\hotspot\share\prims\jni.cpp, line 516]
Event: 124.871 Thread 0x0000016bf1fae670 Exception <a 'sun/nio/fs/WindowsException'{0x00000000ae361fa8}> (0x00000000ae361fa8) 
thrown [s\src\hotspot\share\prims\jni.cpp, line 516]
Event: 126.657 Thread 0x0000016bf650bd70 Exception <a 'sun/nio/fs/WindowsException'{0x000000009c052d68}> (0x000000009c052d68) 
thrown [s\src\hotspot\share\prims\jni.cpp, line 516]
Event: 130.325 Thread 0x0000016bf650e0e0 Implicit null exception at 0x0000016bde56ccc0 to 0x0000016bde56e61c
Event: 130.346 Thread 0x0000016bf650e0e0 Exception <a 'java/lang/NoSuchMethodError'{0x00000000a9e86ac8}: 'long java.lang.invoke.DirectMethodHandle$Holder.invokeStatic(java.lang.Object, java.lang.Object)'> (0x00000000a9e86ac8) 
thrown [s\src\hotspot\share\interpreter\linkResolver.cpp, line 759]
Event: 130.692 Thread 0x0000016bf650e0e0 Exception <a 'sun/nio/fs/WindowsException'{0x00000000a624f478}> (0x00000000a624f478) 
thrown [s\src\hotspot\share\prims\jni.cpp, line 516]

VM Operations (20 events):
Event: 127.272 Executing VM operation: HandshakeAllThreads done
Event: 127.283 Executing VM operation: ICBufferFull
Event: 127.283 Executing VM operation: ICBufferFull done
Event: 127.425 Executing VM operation: ICBufferFull
Event: 127.425 Executing VM operation: ICBufferFull done
Event: 127.866 Executing VM operation: HandshakeAllThreads
Event: 127.867 Executing VM operation: HandshakeAllThreads done
Event: 128.450 Executing VM operation: G1CollectForAllocation
Event: 128.459 Executing VM operation: G1CollectForAllocation done
Event: 128.466 Executing VM operation: HandshakeAllThreads
Event: 128.467 Executing VM operation: HandshakeAllThreads done
Event: 129.350 Executing VM operation: HandshakeAllThreads
Event: 129.351 Executing VM operation: HandshakeAllThreads done
Event: 129.413 Executing VM operation: ICBufferFull
Event: 129.413 Executing VM operation: ICBufferFull done
Event: 129.519 Executing VM operation: G1CollectForAllocation
Event: 129.531 Executing VM operation: G1CollectForAllocation done
Event: 130.150 Executing VM operation: G1CollectForAllocation
Event: 130.158 Executing VM operation: G1CollectForAllocation done
Event: 131.164 Executing VM operation: Cleanup

Memory protections (0 events):
No events

Nmethod flushes (20 events):
Event: 129.432 Thread 0x0000016bebf31170 flushing  nmethod 0x0000016bda07d010
Event: 129.432 Thread 0x0000016bebf31170 flushing  nmethod 0x0000016bda082210
Event: 129.432 Thread 0x0000016bebf31170 flushing  nmethod 0x0000016bda09e110
Event: 129.432 Thread 0x0000016bebf31170 flushing  nmethod 0x0000016bda0a4890
Event: 129.432 Thread 0x0000016bebf31170 flushing  nmethod 0x0000016bda0ea110
Event: 129.432 Thread 0x0000016bebf31170 flushing  nmethod 0x0000016bda0f5810
Event: 129.432 Thread 0x0000016bebf31170 flushing  nmethod 0x0000016bda103990
Event: 129.432 Thread 0x0000016bebf31170 flushing  nmethod 0x0000016bda104090
Event: 129.432 Thread 0x0000016bebf31170 flushing  nmethod 0x0000016bda113790
Event: 129.432 Thread 0x0000016bebf31170 flushing  nmethod 0x0000016bda134a10
Event: 129.432 Thread 0x0000016bebf31170 flushing  nmethod 0x0000016bda148c10
Event: 129.433 Thread 0x0000016bebf31170 flushing  nmethod 0x0000016bda16bc90
Event: 129.433 Thread 0x0000016bebf31170 flushing  nmethod 0x0000016bda16c010
Event: 129.433 Thread 0x0000016bebf31170 flushing  nmethod 0x0000016bda1c3010
Event: 129.433 Thread 0x0000016bebf31170 flushing  nmethod 0x0000016bda1c3310
Event: 129.433 Thread 0x0000016bebf31170 flushing  nmethod 0x0000016bda1c3710
Event: 129.433 Thread 0x0000016bebf31170 flushing  nmethod 0x0000016bda1c3e10
Event: 129.433 Thread 0x0000016bebf31170 flushing  nmethod 0x0000016bda255e90
Event: 129.433 Thread 0x0000016bebf31170 flushing  nmethod 0x0000016bda257a90
Event: 129.433 Thread 0x0000016bebf31170 flushing  nmethod 0x0000016bda258a10

Events (20 events):
Event: 109.738 Thread 0x0000016c01b65980 Thread added: 0x0000016c014c7d50
Event: 110.892 Thread 0x0000016bf9faddf0 Thread exited: 0x0000016bf9faddf0
Event: 112.197 Thread 0x0000016c014c7d50 Thread exited: 0x0000016c014c7d50
Event: 112.197 Thread 0x0000016bfa02ccf0 Thread exited: 0x0000016bfa02ccf0
Event: 112.421 Thread 0x0000016bf62af700 Thread added: 0x0000016bf65a61b0
Event: 127.363 Thread 0x0000016bf62af700 Thread exited: 0x0000016bf62af700
Event: 127.363 Thread 0x0000016c01b65ed0 Thread exited: 0x0000016c01b65ed0
Event: 127.365 Thread 0x0000016c01b65980 Thread exited: 0x0000016c01b65980
Event: 130.053 Thread 0x0000016bf65a61b0 Thread exited: 0x0000016bf65a61b0
Event: 130.053 Thread 0x0000016bf4eadbd0 Thread exited: 0x0000016bf4eadbd0
Event: 130.053 Thread 0x0000016bf4ead680 Thread exited: 0x0000016bf4ead680
Event: 130.059 Thread 0x0000016c01a34550 Thread exited: 0x0000016c01a34550
Event: 130.339 Thread 0x0000016bebf2b350 Thread added: 0x0000016bfb1c32b0
Event: 130.342 Thread 0x0000016bebf2b350 Thread added: 0x0000016bfb1c2d60
Event: 130.342 Thread 0x0000016bebf2b350 Thread added: 0x0000016c079f2270
Event: 130.342 Thread 0x0000016bebf2b350 Thread added: 0x0000016c079f1280
Event: 130.347 Thread 0x0000016bebf2b350 Thread added: 0x0000016c079f47a0
Event: 130.347 Thread 0x0000016bebf2b350 Thread added: 0x0000016c079f3d00
Event: 130.352 Thread 0x0000016bebf2b350 Thread added: 0x0000016c079f17d0
Event: 130.353 Thread 0x0000016c079f3d00 Thread added: 0x0000016c08c40420


Dynamic libraries:
0x00007ff78ce70000 - 0x00007ff78ce7e000 	C:\Program Files\Zulu\zulu-17\bin\java.exe
0x00007fff5f7c0000 - 0x00007fff5fa27000 	C:\WINDOWS\SYSTEM32\ntdll.dll
0x00007fff5e060000 - 0x00007fff5e129000 	C:\WINDOWS\System32\KERNEL32.DLL
0x00007fff5cc80000 - 0x00007fff5d06f000 	C:\WINDOWS\System32\KERNELBASE.dll
0x00007fff5d300000 - 0x00007fff5d44b000 	C:\WINDOWS\System32\ucrtbase.dll
0x00007fff46160000 - 0x00007fff46179000 	C:\Program Files\Zulu\zulu-17\bin\jli.dll
0x00007fff4a240000 - 0x00007fff4a25e000 	C:\Program Files\Zulu\zulu-17\bin\VCRUNTIME140.dll
0x00007fff5eca0000 - 0x00007fff5ee65000 	C:\WINDOWS\System32\USER32.dll
0x00007fff42e70000 - 0x00007fff43103000 	C:\WINDOWS\WinSxS\amd64_microsoft.windows.common-controls_6595b64144ccf1df_6.0.26100.7309_none_3e05feeae336a044\COMCTL32.dll
0x00007fff5d500000 - 0x00007fff5d527000 	C:\WINDOWS\System32\win32u.dll
0x00007fff5d530000 - 0x00007fff5d55b000 	C:\WINDOWS\System32\GDI32.dll
0x00007fff5ef00000 - 0x00007fff5efa9000 	C:\WINDOWS\System32\msvcrt.dll
0x00007fff5d1d0000 - 0x00007fff5d2fc000 	C:\WINDOWS\System32\gdi32full.dll
0x00007fff5d450000 - 0x00007fff5d4f3000 	C:\WINDOWS\System32\msvcp_win.dll
0x00007fff5f540000 - 0x00007fff5f571000 	C:\WINDOWS\System32\IMM32.DLL
0x00007fff4a230000 - 0x00007fff4a23c000 	C:\Program Files\Zulu\zulu-17\bin\vcruntime140_1.dll
0x00007fff460d0000 - 0x00007fff4615d000 	C:\Program Files\Zulu\zulu-17\bin\msvcp140.dll
0x00007ffebeaf0000 - 0x00007ffebf764000 	C:\Program Files\Zulu\zulu-17\bin\server\jvm.dll
0x00007fff5e350000 - 0x00007fff5e404000 	C:\WINDOWS\System32\ADVAPI32.dll
0x00007fff5dd00000 - 0x00007fff5dda6000 	C:\WINDOWS\System32\sechost.dll
0x00007fff5ddb0000 - 0x00007fff5dec8000 	C:\WINDOWS\System32\RPCRT4.dll
0x00007fff5ded0000 - 0x00007fff5df44000 	C:\WINDOWS\System32\WS2_32.dll
0x00007fff523d0000 - 0x00007fff52405000 	C:\WINDOWS\SYSTEM32\WINMM.dll
0x00007fff5c740000 - 0x00007fff5c79e000 	C:\WINDOWS\SYSTEM32\POWRPROF.dll
0x00007fff50a70000 - 0x00007fff50a7b000 	C:\WINDOWS\SYSTEM32\VERSION.dll
0x00007fff5c720000 - 0x00007fff5c734000 	C:\WINDOWS\SYSTEM32\UMPDC.dll
0x00007fff5b690000 - 0x00007fff5b6ab000 	C:\WINDOWS\SYSTEM32\kernel.appcore.dll
0x00007fff49fe0000 - 0x00007fff49fea000 	C:\Program Files\Zulu\zulu-17\bin\jimage.dll
0x00007fff5a030000 - 0x00007fff5a272000 	C:\WINDOWS\SYSTEM32\DBGHELP.DLL
0x00007fff5efe0000 - 0x00007fff5f366000 	C:\WINDOWS\System32\combase.dll
0x00007fff5eb70000 - 0x00007fff5ec46000 	C:\WINDOWS\System32\OLEAUT32.dll
0x00007fff43460000 - 0x00007fff4349c000 	C:\WINDOWS\SYSTEM32\dbgcore.DLL
0x00007fff5ca50000 - 0x00007fff5caf5000 	C:\WINDOWS\System32\bcryptPrimitives.dll
0x00007fff460c0000 - 0x00007fff460ce000 	C:\Program Files\Zulu\zulu-17\bin\instrument.dll
0x00007fff46090000 - 0x00007fff460b5000 	C:\Program Files\Zulu\zulu-17\bin\java.dll
0x00007fff44110000 - 0x00007fff441e7000 	C:\Program Files\Zulu\zulu-17\bin\jsvml.dll
0x00007fff5e410000 - 0x00007fff5eb63000 	C:\WINDOWS\System32\SHELL32.dll
0x00007fff5c8e0000 - 0x00007fff5ca4a000 	C:\WINDOWS\System32\wintypes.dll
0x00007fff5a500000 - 0x00007fff5ad5e000 	C:\WINDOWS\SYSTEM32\windows.storage.dll
0x00007fff5d570000 - 0x00007fff5d665000 	C:\WINDOWS\System32\SHCORE.dll
0x00007fff5f580000 - 0x00007fff5f5e6000 	C:\WINDOWS\System32\shlwapi.dll
0x00007fff5c800000 - 0x00007fff5c829000 	C:\WINDOWS\SYSTEM32\profapi.dll
0x00007fff46070000 - 0x00007fff46088000 	C:\Program Files\Zulu\zulu-17\bin\zip.dll
0x00007fff46050000 - 0x00007fff46069000 	C:\Program Files\Zulu\zulu-17\bin\net.dll
0x00007fff513b0000 - 0x00007fff514d8000 	C:\WINDOWS\SYSTEM32\WINHTTP.dll
0x00007fff5bc00000 - 0x00007fff5bc6b000 	C:\WINDOWS\system32\mswsock.dll
0x00007fff46030000 - 0x00007fff46046000 	C:\Program Files\Zulu\zulu-17\bin\nio.dll
0x00007fff445c0000 - 0x00007fff445d0000 	C:\Program Files\Zulu\zulu-17\bin\verify.dll
0x00007fff49ff0000 - 0x00007fff4a017000 	C:\Users\STRNGBBY\.gradle\native\68d5fa5c4cc2d200863cafc0d521ce42e7d3e7ee720ec0a83991735586a16f82\windows-amd64\native-platform.dll
0x00007ffef9e50000 - 0x00007ffef9f94000 	C:\Users\STRNGBBY\.gradle\native\e376f236ea51e6404a007f0833ffe2c6e607c4080706a723a18a27aeea778392\windows-amd64\native-platform-file-events.dll
0x00007fff445b0000 - 0x00007fff445b9000 	C:\Program Files\Zulu\zulu-17\bin\management.dll
0x00007fff44100000 - 0x00007fff4410b000 	C:\Program Files\Zulu\zulu-17\bin\management_ext.dll
0x00007fff5e050000 - 0x00007fff5e058000 	C:\WINDOWS\System32\PSAPI.DLL
0x00007fff5bec0000 - 0x00007fff5bedb000 	C:\WINDOWS\SYSTEM32\CRYPTSP.dll
0x00007fff5b5f0000 - 0x00007fff5b62a000 	C:\WINDOWS\system32\rsaenh.dll
0x00007fff5bcb0000 - 0x00007fff5bcdb000 	C:\WINDOWS\SYSTEM32\USERENV.dll
0x00007fff5c7d0000 - 0x00007fff5c7fa000 	C:\WINDOWS\SYSTEM32\bcrypt.dll
0x00007fff5bee0000 - 0x00007fff5beec000 	C:\WINDOWS\SYSTEM32\CRYPTBASE.dll
0x00007fff5b1f0000 - 0x00007fff5b224000 	C:\WINDOWS\SYSTEM32\IPHLPAPI.DLL
0x00007fff5d850000 - 0x00007fff5d85a000 	C:\WINDOWS\System32\NSI.dll
0x00007fff539c0000 - 0x00007fff539de000 	C:\WINDOWS\SYSTEM32\dhcpcsvc6.DLL
0x00007fff53610000 - 0x00007fff53633000 	C:\WINDOWS\SYSTEM32\dhcpcsvc.DLL
0x00007fff5b230000 - 0x00007fff5b35c000 	C:\WINDOWS\SYSTEM32\DNSAPI.dll
0x00007fff440f0000 - 0x00007fff440f9000 	C:\Program Files\Zulu\zulu-17\bin\extnet.dll
0x00007fff440e0000 - 0x00007fff440ee000 	C:\Program Files\Zulu\zulu-17\bin\sunmscapi.dll
0x00007fff5cb00000 - 0x00007fff5cc77000 	C:\WINDOWS\System32\CRYPT32.dll
0x00007fff5c0e0000 - 0x00007fff5c110000 	C:\WINDOWS\SYSTEM32\ncrypt.dll
0x00007fff5c090000 - 0x00007fff5c0cf000 	C:\WINDOWS\SYSTEM32\NTASN1.dll
0x00007fff20a90000 - 0x00007fff20a98000 	C:\WINDOWS\system32\wshunix.dll
0x00007fff51dd0000 - 0x00007fff51ddb000 	C:\Windows\System32\rasadhlp.dll
0x00007fff54220000 - 0x00007fff542a6000 	C:\WINDOWS\System32\fwpuclnt.dll
0x00007fff433c0000 - 0x00007fff433d8000 	C:\WINDOWS\system32\napinsp.dll
0x00007fff433e0000 - 0x00007fff433f2000 	C:\WINDOWS\System32\winrnr.dll
0x00007fff4b350000 - 0x00007fff4b372000 	C:\WINDOWS\system32\nlansp_c.dll
0x00007fff27320000 - 0x00007fff27336000 	C:\WINDOWS\system32\wshbth.dll
0x00007fff5b7b0000 - 0x00007fff5b7e6000 	C:\WINDOWS\SYSTEM32\ntmarta.dll

dbghelp: loaded successfully - version: 4.0.5 - missing functions: none
symbol engine: initialized successfully - sym options: 0x614 - pdb path: .;C:\Program Files\Zulu\zulu-17\bin;C:\WINDOWS\SYSTEM32;C:\WINDOWS\WinSxS\amd64_microsoft.windows.common-controls_6595b64144ccf1df_6.0.26100.7309_none_3e05feeae336a044;C:\Program Files\Zulu\zulu-17\bin\server;C:\Users\STRNGBBY\.gradle\native\68d5fa5c4cc2d200863cafc0d521ce42e7d3e7ee720ec0a83991735586a16f82\windows-amd64;C:\Users\STRNGBBY\.gradle\native\e376f236ea51e6404a007f0833ffe2c6e607c4080706a723a18a27aeea778392\windows-amd64

VM Arguments:
jvm_args: --add-opens=java.base/java.util=ALL-UNNAMED --add-opens=java.base/java.lang=ALL-UNNAMED --add-opens=java.base/java.lang.invoke=ALL-UNNAMED --add-opens=java.prefs/java.util.prefs=ALL-UNNAMED --add-opens=java.base/java.nio.charset=ALL-UNNAMED --add-opens=java.base/java.net=ALL-UNNAMED --add-opens=java.base/java.util.concurrent.atomic=ALL-UNNAMED -Xmx2048m -Dfile.encoding=UTF-8 -Duser.country=RU -Duser.language=ru -Duser.variant -javaagent:C:\Users\STRNGBBY\.gradle\wrapper\dists\gradle-8.3-all\6en3ugtfdg5xnpx44z4qbwgas\gradle-8.3\lib\agents\gradle-instrumentation-agent-8.3.jar 
java_command: org.gradle.launcher.daemon.bootstrap.GradleDaemon 8.3
java_class_path (initial): C:\Users\STRNGBBY\.gradle\wrapper\dists\gradle-8.3-all\6en3ugtfdg5xnpx44z4qbwgas\gradle-8.3\lib\gradle-launcher-8.3.jar
Launcher Type: SUN_STANDARD

[Global flags]
     intx CICompilerCount                          = 12                                        {product} {ergonomic}
     uint ConcGCThreads                            = 3                                         {product} {ergonomic}
     uint G1ConcRefinementThreads                  = 13                                        {product} {ergonomic}
   size_t G1HeapRegionSize                         = 1048576                                   {product} {ergonomic}
    uintx GCDrainStackTargetSize                   = 64                                        {product} {ergonomic}
   size_t InitialHeapSize                          = 264241152                                 {product} {ergonomic}
   size_t MarkStackSize                            = 4194304                                   {product} {ergonomic}
   size_t MaxHeapSize                              = 2147483648                                {product} {command line}
   size_t MaxNewSize                               = 1287651328                                {product} {ergonomic}
   size_t MinHeapDeltaBytes                        = 1048576                                   {product} {ergonomic}
   size_t MinHeapSize                              = 8388608                                   {product} {ergonomic}
    uintx NonNMethodCodeHeapSize                   = 7602480                                {pd product} {ergonomic}
    uintx NonProfiledCodeHeapSize                  = 122027880                              {pd product} {ergonomic}
    uintx ProfiledCodeHeapSize                     = 122027880                              {pd product} {ergonomic}
    uintx ReservedCodeCacheSize                    = 251658240                              {pd product} {ergonomic}
     bool SegmentedCodeCache                       = true                                      {product} {ergonomic}
   size_t SoftMaxHeapSize                          = 2147483648                             {manageable} {ergonomic}
     bool UseCompressedClassPointers               = true                           {product lp64_product} {ergonomic}
     bool UseCompressedOops                        = true                           {product lp64_product} {ergonomic}
     bool UseG1GC                                  = true                                      {product} {ergonomic}
     bool UseLargePagesIndividualAllocation        = false                                  {pd product} {ergonomic}

Logging:
Log output configuration:
 #0: stdout all=warning uptime,level,tags
 #1: stderr all=off uptime,level,tags

Environment Variables:
JAVA_HOME=C:\Program Files\Zulu\zulu-17\
PATH=C:\Program Files\Zulu\zulu-17\bin\;C:\Program Files\Zulu\zulu-25\bin\;C:\Program Files (x86)\Common Files\Oracle\Java\java8path;C:\Program Files (x86)\Common Files\Oracle\Java\javapath;C:\WINDOWS\system32;C:\WINDOWS;C:\WINDOWS\System32\Wbem;C:\WINDOWS\System32\WindowsPowerShell\v1.0\;C:\WINDOWS\System32\OpenSSH\;C:\Program Files\dotnet\;C:\Program Files\Git\cmd;C:\Program Files\Zulu\zulu-17\\bin;C:\Users\STRNGBBY\AppData\Local\Microsoft\WindowsApps;C:\Users\STRNGBBY\AppData\Local\Programs\Microsoft VS Code\bin
USERNAME=STRNGBBY
OS=Windows_NT
PROCESSOR_IDENTIFIER=Intel64 Family 6 Model 154 Stepping 3, GenuineIntel
TMP=C:\Users\STRNGBBY\AppData\Local\Temp
TEMP=C:\Users\STRNGBBY\AppData\Local\Temp



Periodic native trim disabled


---------------  S Y S T E M  ---------------

OS:
 Windows 11 , 64 bit Build 26100 (10.0.26100.7623)
OS uptime: 0 days 1:09 hours

CPU: total 16 (initial active 16) (8 cores per cpu, 2 threads per core) family 6 model 154 stepping 3 microcode 0x432, cx8, cmov, fxsr, ht, mmx, 3dnowpref, sse, sse2, sse3, ssse3, sse4.1, sse4.2, popcnt, lzcnt, tsc, tscinvbit, avx, avx2, aes, erms, clmul, bmi1, bmi2, adx, sha, fma, vzeroupper, clflush, clflushopt, clwb
Processor Information for processor 0
  Max Mhz: 2500, Current Mhz: 2500, Mhz Limit: 2500
Processor Information for processor 1
  Max Mhz: 2500, Current Mhz: 2500, Mhz Limit: 2500
Processor Information for processor 2
  Max Mhz: 2500, Current Mhz: 2500, Mhz Limit: 2500
Processor Information for processor 3
  Max Mhz: 2500, Current Mhz: 2500, Mhz Limit: 2500
Processor Information for processor 4
  Max Mhz: 2500, Current Mhz: 2500, Mhz Limit: 2500
Processor Information for processor 5
  Max Mhz: 2500, Current Mhz: 2500, Mhz Limit: 2500
Processor Information for processor 6
  Max Mhz: 2500, Current Mhz: 2500, Mhz Limit: 2500
Processor Information for processor 7
  Max Mhz: 2500, Current Mhz: 2500, Mhz Limit: 2500
Processor Information for processor 8
  Max Mhz: 2500, Current Mhz: 1800, Mhz Limit: 1800
Processor Information for processor 9
  Max Mhz: 2500, Current Mhz: 1800, Mhz Limit: 1800
Processor Information for processor 10
  Max Mhz: 2500, Current Mhz: 1800, Mhz Limit: 1800
Processor Information for processor 11
  Max Mhz: 2500, Current Mhz: 1800, Mhz Limit: 1800
Processor Information for processor 12
  Max Mhz: 2500, Current Mhz: 1800, Mhz Limit: 1800
Processor Information for processor 13
  Max Mhz: 2500, Current Mhz: 1800, Mhz Limit: 1800
Processor Information for processor 14
  Max Mhz: 2500, Current Mhz: 1800, Mhz Limit: 1800
Processor Information for processor 15
  Max Mhz: 2500, Current Mhz: 1800, Mhz Limit: 1800

Memory: 4k page, system-wide physical 16077M (1487M free)
TotalPageFile size 21197M (AvailPageFile size 5M)
current process WorkingSet (physical memory assigned to process): 1469M, peak: 1510M
current process commit charge ("private bytes"): 1539M, peak: 1579M

vm_info: OpenJDK 64-Bit Server VM (17.0.18+8-LTS) for windows-amd64 JRE (17.0.18+8-LTS) (Zulu17.64+15-CA), built on Jan  8 2026 16:53:28 by "zulu_re" with MS VC++ 16.10 / 16.11 (VS2019)

END.
